URL,Version,Status,OIDs,Name,Title,Descriptino,Uses,Used,Sources
http://terminology.hl7.org/uv/eyecare/ValueSet/body-site-eye,0.1.0,active,,OphthalmologyBodySiteEye,Ophthalmic anatomical location,"Describes the ophthalmic structure being referenced",,"SCT"
http://terminology.hl7.org/uv/eyecare/ValueSet/conditions,0.1.0,active,,OphthalmologyConditionCodesValueSet,Ophthalmology Condition ICD10 and SNOMED codes ValueSet,"Clinical findings for the eye region.",,"SCT,hl7.terminology.r4"
http://terminology.hl7.org/uv/eyecare/ValueSet/iop-methods,0.1.0,active,,OphthalmologyIOPMethods,Intraocular pressure (IOP) method valueset,"Describes the various methods of capturing IOP that relate to the IOP Observation profile",,"SCT,Internal"
http://terminology.hl7.org/uv/eyecare/ValueSet/observable-entities,0.1.0,active,,OphthalmologyObservableEntitiesValueSet,Ophthalmology observations (SNOMED),"Concept descends from 363926002 - Eye/vision observable (observable entity)",,"SCT"
http://terminology.hl7.org/uv/eyecare/ValueSet/observation-final-status,0.1.0,active,,ObservationStatus,Observation Status,"Describes whether a recorded observation is either final or amended",,"hl7.fhir.r4.core"
http://terminology.hl7.org/uv/eyecare/ValueSet/observation-oct-macula,0.1.0,active,,OphthalmologyOCTMaculaObservableEntitiesValueSet,OCT Macula Observable Entities ValueSet,"OCT Macula observations coding",,"LOINC"
http://terminology.hl7.org/uv/eyecare/ValueSet/observation-oct-rnfl,0.1.0,active,,OphthalmologyOCTRNFLObservableEntitiesValueSet,OCT RNFL Observable Entities ValueSet,"OCT RNFL observations coding",,"LOINC"
http://terminology.hl7.org/uv/eyecare/ValueSet/observation-visual-acuity,0.1.0,active,,OphthalmologyVisualAcuityObservableEntitiesValueSet,Visual acuity method valueset (SNOMED),"Describes the visual acuity observation result, where concept descends from 363983007 (Visual acuity)",,"SCT"
http://terminology.hl7.org/uv/eyecare/ValueSet/observation-visual-field,0.1.0,active,,OphthalmologyVisualFieldObservableEntitiesValueSet,Visual Field Observable Entities ValueSet,"Visual field observation coding",,"SCT,THO"
http://terminology.hl7.org/uv/eyecare/ValueSet/procedures,0.1.0,active,,OphthalmologyProceduresValueSet,Ophthalmology Procedures Valueset,"This ValueSet represents procedure codes for clinical and billing purposes.",,"SCT,hl7.terminology.r4"
http://terminology.hl7.org/uv/eyecare/ValueSet/qualifiers,0.1.0,active,,BodyStructureQualifiers,Ophthalmic anatomical location qualifiers,"Describes whether a recorded observation is either final or amended",,"SCT,Internal"
https://larfuma.github.io/fhir-eyecare-ig/ValueSet-Pupil-Diameter-Comparison,0.1.0,draft,,Pupil-Diameter-Comparison,Pupil-Diameter-Comparison,"A ValueSet containing codes for various pupillomotor function observations.",,"SCT,Internal"
https://larfuma.github.io/fhir-eyecare-ig/ValueSet-Pupil-function-confounders,0.1.0,draft,,PupilFunctionConfounders,Pupil Function Confounders,"ValueSet including codes that represent confounders due to pupil function that may affect visual acuity measurements.",,"Internal"
https://larfuma.github.io/fhir-eyecare-ig/ValueSet-lens-types,0.1.0,active,,LensTypes,Lens Types,"This ValueSet includes all SNOMED CT codes that are descendants of 'Contact lenses, device' (57368009) and 'Eye glasses, device' (50121007).",,"SCT"
https://larfuma.github.io/fhir-eyecare-ig/ValueSet-observation-visual-acuity-methods,0.1.0,active,,OphthalmologyVisualAcuityMethods,Visual Acuity Measurement Methods valueset,"Describes the various charts that can be used to assess visual acuity where concept descends from 400912000 (Visual acuity test equipment (physical object))",,"SCT"
https://larfuma.github.io/fhir-eyecare-ig/ValueSet-optotype-presentation.html,0.1.0,draft,,OptotypePresentation,Optotype Presentation ValueSet,"A ValueSet that includes codes representing the type of optotype presentation used during visual acuity testing.",,"SCT,Other"
https://larfuma.github.io/fhir-eyecare-ig/ValueSet-optotypes,0.1.0,draft,,Optotypes,Optotype ValueSet,"A ValueSet that includes codes representing optotype used during visual acuity testing.",,"SCT,LOINC,Other"
https://larfuma.github.io/fhir-eyecare-ig/ValueSet-pinhole-occluder-usage.html,0.1.0,draft,,PinholeOccluderUsage,Pinhole Occluder Usage Values,"This ValueSet contains SNOMED CT codes to represent whether a pinhole occluder was used during a visual acuity measurement.",,"SCT"
https://larfuma.github.io/fhir-eyecare-ig/ValueSet-pupi-testing-active-substances,0.1.0,draft,,PupiTestingActiveSubstances,Pupil Testing Active Substances,"This ValueSet contains codes to represent active substances used in pharmacological testing during pupil diameter measurements.",,"SCT"
https://larfuma.github.io/fhir-eyecare-ig/ValueSet-right-left-both-eyes.html,0.1.0,draft,,ValueSet-right-left-both-eyes,ValueSet-right-left-both-eyes,"ValueSet containing laterality codes for ophthalmic observations which may contain information on one or both eyes",,"SCT"
https://larfuma.github.io/fhir-eyecare-ig/ValueSet-right-left-eyes.html,0.1.0,draft,,ValueSet-right-left-eyes,ValueSet-right-left-eyes,"ValueSet containing laterality codes for ophthalmic observations which should only contain information on either the right or left eye, not both",,"SCT"
https://larfuma.github.io/fhir-eyecare-ig/ValueSet-room-brightness-levels,0.1.0,draft,,RoomBrightnessLevels,Room Brightness Levels,"This ValueSet contains codes to represent the brightness of the room where a test was performed.",,"SCT,LOINC"
https://larfuma.github.io/fhir-eyecare-ig/ValueSet-special-va-testing-parameters,0.1.0,draft,,Special VA testing Parameters,Special VA testing Parameters,"This ValueSet contains codes to represent whether special testing parameters, such as a pinhole occluder or glare light, were used during a visual acuity measurement.",,"SCT,LOINC"
https://larfuma.github.io/fhir-eyecare-ig/ValueSet-visual-acuity-categorical-values.html,0.1.0,draft,,VisualAcuityCategoricalValues,Visual Acuity Categorical Values,"ValueSet containing categorical values for visual acuity observations.",,"SCT,LOINC"
https://larfuma.github.io/fhir-eyecare-ig/ValueSet-visual-acuity-correction-methods,0.1.0,active,,VisualAcuityCorrectionMethods,Visual Acuity Correction Methods,"Methods of correction used during a visual acuity test.",,"SCT,Internal"
https://larfuma.github.io/fhir-eyecare-ig/ValueSet-visual-acuity-correction-methods-with-sl,0.1.0,active,,VisualAcuityCorrectionMethods,Visual Acuity Correction Methods,"Methods of correction used during a visual acuity test.",,"SCT,Internal"
https://larfuma.github.io/fhir-eyecare-ig/ValueSet-visual-acuity-test-distance,0.1.0,draft,,VisualAcuityTestDistance,Visual Acuity Test Distance,"Codes representing the distances at which visual acuity tests are performed.",,"LOINC"
https://larfuma.github.io/fhir-eyecare-ig/ValueSet/visual-acuity-quantity-units,0.1.0,active,,VisualAcuityQuantityUnits,Visual Acuity Quantity Units,"Units of Measure of Visual acuity",,"Other"
