<?xml version="1.0" encoding="UTF-8"?>

<CodeSystem xmlns="http://hl7.org/fhir">
  <id value="qualifiers"/>
  <text>
    <status value="generated"/><div xmlns="http://www.w3.org/1999/xhtml">
      <h2>Additional Body Structure Qualifiers</h2>
      <div>
        <p>Additional qualifiers</p>
      </div>
    </div>
  </text>
  <url value="http://terminology.hl7.org/uv/eyecare/CodeSystem/qualifiers"/>
  <version value="0.1.0"/>
  <name value="BodyStructureQualifiers"/>
  <title value="Body Structure Qualifiers"/>
  <status value="draft"/>
  <date value="2021-08-03"/>
  <publisher value="Lars Fuhrmann"/>
  <contact>
    <name value="Lars Fuhrmann"/>
    <telecom>
      <system value="url"/>
      <value value="https://larfuma.github.io/fhir-eyecare-ig/"/>
    </telecom>
    <telecom>
      <system value="email"/>
      <value value="fuhr.lars@gmail.com"/>
    </telecom>
  </contact>
  <description value="Additional body site qualifiers"/>
  <jurisdiction>
    <coding>
      <system value="http://unstats.un.org/unsd/methods/m49/m49.htm"/>
      <code value="276"/>
    </coding>
  </jurisdiction>
  <copyright value="HL7"/>
  <caseSensitive value="true"/>
  <compositional value="false"/>
  <versionNeeded value="true"/>
  <content value="complete"/>
  <concept>
    <code value="superotemporal"/>
    <display value="Superotemporal"/>
    <definition value="Superotemporal"/>
  </concept>
  <concept>
    <code value="superonasal"/>
    <display value="Superonasal"/>
    <definition value="Superonasal"/>
  </concept>
  <concept>
    <code value="inferotemporal"/>
    <display value="Inferotemporal"/>
    <definition value="Inferotemporal"/>
  </concept>
  <concept>
    <code value="inferonasal"/>
    <display value="Inferonasal"/>
    <definition value="Inferonasal"/>
  </concept>
</CodeSystem>