<?xml version="1.0" encoding="UTF-8"?>

<DiagnosticReport xmlns="http://hl7.org/fhir">
  <id value="pupillomotoric-report-1"/>
  <meta>
    <profile value="https://larfuma.github.io/fhir-eyecare-ig/StructureDefinition-PupillomotoricDiagnosticReport"/>
  </meta>
  <text>
    <status value="generated"/><div xmlns="http://www.w3.org/1999/xhtml"><p class="res-header-id"><b>Generated Narrative: DiagnosticReport pupillomotoric-report-1</b></p><a name="pupillomotoric-report-1"> </a><a name="hcpupillomotoric-report-1"> </a><a name="pupillomotoric-report-1-en-US"> </a><h2><span title="Codes:{http://loinc.org 60592-9}">Pupillomotoric Diagnostic Report</span> </h2><table class="grid"><tr><td>Subject</td><td>Unable to get Patient Details</td></tr><tr><td>When For</td><td>2023-11-17 10:00:00+0000</td></tr><tr><td>Reported</td><td>2023-11-17 11:00:00+0000</td></tr><tr><td>Performer</td><td> <a href="Practitioner/456">Dr. Alice Smith</a></td></tr></table><p><b>Report Details</b></p><table class="grid"><tr><td><b>Code</b></td><td><b>Value</b></td><td><b>Flags</b></td><td><b>When For</b></td></tr><tr><td><a href="Observation-pupil-diameter-right-eye-1.html"><span title="Codes:{http://loinc.org LP73214-6}">Pupil diameter</span></a> (<span title="Codes:{http://snomed.info/sct 362502000}">Entire right eye (body structure)</span>)</td><td>3 mm<span style="background: LightGoldenRodYellow"> (Details: UCUM  codemm = 'mm')</span></td><td>Final</td><td/></tr><tr><td><a href="Observation-pupil-diameter-left-eye-1.html"><span title="Codes:{http://loinc.org LP73214-6}">Pupil diameter</span></a> (<span title="Codes:{http://snomed.info/sct 12853009}">Left eye</span>)</td><td>4 mm<span style="background: LightGoldenRodYellow"> (Details: UCUM  codemm = 'mm')</span></td><td>Final</td><td/></tr><tr><td><a href="Observation-pupil-comparison-1.html"><span title="Codes:{https://larfuma.github.io/fhir-eyecare-ig/CodeSystem/custom-codes-to-be-submitted-to-SNOMED-or-LOINC comparison-of-pupil-diameter-between-eyes}">Comparison of Pupil diameters</span></a></td><td/><td>Final</td><td/></tr><tr><td><a href="Observation-pupil-diameter-right-eye-2.html"><span title="Codes:{http://loinc.org LP73214-6}">Pupil diameter</span></a> (<span title="Codes:{http://snomed.info/sct 362502000}">Entire right eye (body structure)</span>)</td><td>3 mm<span style="background: LightGoldenRodYellow"> (Details: UCUM  codemm = 'mm')</span></td><td>Final</td><td>2023-11-17 10:05:00+0000</td></tr><tr><td><a href="Observation-pupil-diameter-left-eye-2.html"><span title="Codes:{http://loinc.org LP73214-6}">Pupil diameter</span></a> (<span title="Codes:{http://snomed.info/sct 12853009}">Left eye</span>)</td><td>6 mm<span style="background: LightGoldenRodYellow"> (Details: UCUM  codemm = 'mm')</span></td><td>Final</td><td>2023-11-17 10:05:00+0000</td></tr><tr><td><a href="Observation-pupil-comparison-2.html"><span title="Codes:{https://larfuma.github.io/fhir-eyecare-ig/CodeSystem/custom-codes-to-be-submitted-to-SNOMED-or-LOINC comparison-of-pupil-diameter-between-eyes}">Comparison of Pupil diameters</span></a></td><td/><td>Final</td><td>2023-11-17 10:05:00+0000</td></tr><tr><td><a href="Observation-pupil-diameter-right-eye-3.html"><span title="Codes:{http://loinc.org LP73214-6}">Pupil diameter</span></a> (<span title="Codes:{http://snomed.info/sct 362502000}">Entire right eye (body structure)</span>)</td><td>7 mm<span style="background: LightGoldenRodYellow"> (Details: UCUM  codemm = 'mm')</span></td><td>Final</td><td>2023-11-17 10:35:00+0000</td></tr><tr><td><a href="Observation-pupil-diameter-left-eye-3.html"><span title="Codes:{http://loinc.org LP73214-6}">Pupil diameter</span></a> (<span title="Codes:{http://snomed.info/sct 12853009}">Left eye</span>)</td><td>5 mm<span style="background: LightGoldenRodYellow"> (Details: UCUM  codemm = 'mm')</span></td><td>Final</td><td>2023-11-17 10:35:00+0000</td></tr><tr><td><a href="Observation-pupil-comparison-3.html"><span title="Codes:{https://larfuma.github.io/fhir-eyecare-ig/CodeSystem/custom-codes-to-be-submitted-to-SNOMED-or-LOINC comparison-of-pupil-diameter-between-eyes}">Comparison of Pupil diameters</span></a></td><td/><td>Final</td><td>2023-11-17 10:35:00+0000</td></tr><tr><td><a href="Observation-pupil-diameter-right-eye-4.html"><span title="Codes:{http://loinc.org LP73214-6}">Pupil diameter</span></a> (<span title="Codes:{http://snomed.info/sct 362502000}">Entire right eye (body structure)</span>)</td><td>8 mm<span style="background: LightGoldenRodYellow"> (Details: UCUM  codemm = 'mm')</span></td><td>Final</td><td>2023-11-17 10:40:00+0000</td></tr><tr><td><a href="Observation-pupil-diameter-left-eye-4.html"><span title="Codes:{http://loinc.org LP73214-6}">Pupil diameter</span></a> (<span title="Codes:{http://snomed.info/sct 12853009}">Left eye</span>)</td><td>6 mm<span style="background: LightGoldenRodYellow"> (Details: UCUM  codemm = 'mm')</span></td><td>Final</td><td>2023-11-17 10:40:00+0000</td></tr><tr><td><a href="Observation-pupil-comparison-4.html"><span title="Codes:{https://larfuma.github.io/fhir-eyecare-ig/CodeSystem/custom-codes-to-be-submitted-to-SNOMED-or-LOINC comparison-of-pupil-diameter-between-eyes}">Comparison of Pupil diameters</span></a></td><td/><td>Final</td><td>2023-11-17 10:40:00+0000</td></tr></table><p>Findings are consistent with Horner syndrome on the right side, as evidenced by anisocoria that reverses after administration of apraclonidine.</p><p><b>Coded Conclusions:</b></p><ul><li><span title="Codes:{http://snomed.info/sct 702680001}">Horner syndrome</span></li></ul></div>
  </text>
  <status value="final"/>
  <code>
    <coding>
      <system value="http://loinc.org"/>
      <code value="60592-9"/>
      <display value="Pupillary function panel"/>
    </coding>
    <text value="Pupillomotoric Diagnostic Report"/>
  </code>
  <subject>
    <reference value="Patient/123"/>
    <display value="John Doe"/>
  </subject>
  <effectiveDateTime value="2023-11-17T10:00:00+00:00"/>
  <issued value="2023-11-17T11:00:00+00:00"/>
  <performer>
    <reference value="Practitioner/456"/>
    <display value="Dr. Alice Smith"/>
  </performer>
  <result>
    <reference value="Observation/pupil-diameter-right-eye-1"/>
    <display value="Right Eye, Bright Light without Medication"/>
  </result>
  <result>
    <reference value="Observation/pupil-diameter-left-eye-1"/>
    <display value="Left Eye, Bright Light without Medication"/>
  </result>
  <result>
    <reference value="Observation/pupil-comparison-1"/>
    <display value="Pupil Comparison - Bright Light without Medication"/>
  </result>
  <result>
    <reference value="Observation/pupil-diameter-right-eye-2"/>
    <display value="Right Eye, Dim Light without Medication"/>
  </result>
  <result>
    <reference value="Observation/pupil-diameter-left-eye-2"/>
    <display value="Left Eye, Dim Light without Medication"/>
  </result>
  <result>
    <reference value="Observation/pupil-comparison-2"/>
    <display value="Pupil Comparison - Dim Light without Medication"/>
  </result>
  <result>
    <reference value="Observation/pupil-diameter-right-eye-3"/>
    <display value="Right Eye, Bright Light after Apraclonidine"/>
  </result>
  <result>
    <reference value="Observation/pupil-diameter-left-eye-3"/>
    <display value="Left Eye, Bright Light after Apraclonidine"/>
  </result>
  <result>
    <reference value="Observation/pupil-comparison-3"/>
    <display value="Pupil Comparison - Bright Light after Apraclonidine"/>
  </result>
  <result>
    <reference value="Observation/pupil-diameter-right-eye-4"/>
    <display value="Right Eye, Dim Light after Apraclonidine"/>
  </result>
  <result>
    <reference value="Observation/pupil-diameter-left-eye-4"/>
    <display value="Left Eye, Dim Light after Apraclonidine"/>
  </result>
  <result>
    <reference value="Observation/pupil-comparison-4"/>
    <display value="Pupil Comparison - Dim Light after Apraclonidine"/>
  </result>
  <conclusion value="Findings are consistent with Horner syndrome on the right side, as evidenced by anisocoria that reverses after administration of apraclonidine."/>
  <conclusionCode>
    <coding>
      <system value="http://snomed.info/sct"/>
      <code value="702680001"/>
      <display value="Horner's syndrome (disorder)"/>
    </coding>
    <text value="Horner syndrome"/>
  </conclusionCode>
  <presentedForm>
    <contentType value="text/plain"/>
    <language value="en"/>
    <data value="VGVzdCBQdXBpbGxvbW90b3JpYyBEaWFnbm9zdGljIFJlcG9ydA=="/>
    <title value="Pupillomotoric Diagnostic Report"/>
    <creation value="2023-11-17T11:00:00+00:00"/>
  </presentedForm>
</DiagnosticReport>