<?xml version="1.0" encoding="UTF-8"?>

<ImplementationGuide xmlns="http://hl7.org/fhir">
  <id value="uv-eyecare"/>
  <text>
    <status value="generated"/><div xmlns="http://www.w3.org/1999/xhtml"><p class="res-header-id"><b>Generated Narrative: ImplementationGuide uv-eyecare</b></p><a name="uv-eyecare"> </a><a name="hcuv-eyecare"> </a><a name="uv-eyecare-en-US"> </a><h2>OphthalmologyImplementationGuide</h2><p>The official URL for this implementation guide is: </p><pre>https://larfuma.github.io/fhir-eyecare-ig</pre><div><p>My attempts at continuing on the development of a Ophtalmologiy Implementation Guide. IMPORTANT: At the moment this IG mostly a fork of the 'Eyes on FHIR' working groups STU 1 Ballot version published here: https://hl7.org/fhir/uv/eyecare/2021Sep/index.html , with minor modifications</p>
</div></div>
  </text>
  <url value="https://larfuma.github.io/fhir-eyecare-ig"/>
  <version value="0.1.0"/>
  <name value="OphthalmologyImplementationGuide"/>
  <title value="Eyes back on FHIR? An experimental continuation of the Eyes on FHIR working group's HL7 FHIR® IG"/>
  <status value="draft"/>
  <experimental value="true"/>
  <date value="2024-12-31T12:44:09+00:00"/>
  <publisher value="Lars Fuhrmann"/>
  <contact>
    <name value="Lars Fuhrmann"/>
    <telecom>
      <system value="url"/>
      <value value="https://larfuma.github.io/fhir-eyecare-ig/"/>
    </telecom>
    <telecom>
      <system value="email"/>
      <value value="fuhr.lars@gmail.com"/>
    </telecom>
  </contact>
  <description value="My attempts at continuing on the development of a Ophtalmologiy Implementation Guide. IMPORTANT: At the moment this IG mostly a fork of the 'Eyes on FHIR' working groups STU 1 Ballot version published here: https://hl7.org/fhir/uv/eyecare/2021Sep/index.html , with minor modifications"/>
  <jurisdiction>
    <coding>
      <system value="http://unstats.un.org/unsd/methods/m49/m49.htm"/>
      <code value="276"/>
    </coding>
  </jurisdiction>
  <packageId value="eyes.back.on.FHIR"/>
  <license value="CC0-1.0"/>
  <fhirVersion value="4.0.1"/>
  <dependsOn id="hl7tx">
    <extension url="http://hl7.org/fhir/tools/StructureDefinition/implementationguide-dependency-comment">
      <valueMarkdown value="Automatically added as a dependency - all IGs depend on HL7 Terminology"/>
    </extension>
    <uri value="http://terminology.hl7.org/ImplementationGuide/hl7.terminology"/>
    <packageId value="hl7.terminology.r4"/>
    <version value="6.1.0"/>
  </dependsOn>
  <dependsOn id="hl7ext">
    <extension url="http://hl7.org/fhir/tools/StructureDefinition/implementationguide-dependency-comment">
      <valueMarkdown value="Automatically added as a dependency - all IGs depend on the HL7 Extension Pack"/>
    </extension>
    <uri value="http://hl7.org/fhir/extensions/ImplementationGuide/hl7.fhir.uv.extensions"/>
    <packageId value="hl7.fhir.uv.extensions.r4"/>
    <version value="5.1.0"/>
  </dependsOn>
  <definition>
    <extension url="http://hl7.org/fhir/tools/StructureDefinition/ig-parameter">
      <extension url="code">
        <valueString value="copyrightyear"/>
      </extension>
      <extension url="value">
        <valueString value="2024"/>
      </extension>
    </extension>
    <extension url="http://hl7.org/fhir/tools/StructureDefinition/ig-parameter">
      <extension url="code">
        <valueString value="releaselabel"/>
      </extension>
      <extension url="value">
        <valueString value="experimental"/>
      </extension>
    </extension>
    <extension url="http://hl7.org/fhir/tools/StructureDefinition/ig-parameter">
      <extension url="code">
        <valueString value="jira-code"/>
      </extension>
      <extension url="value">
        <valueString value="uv-eyecare"/>
      </extension>
    </extension>
    <extension url="http://hl7.org/fhir/tools/StructureDefinition/ig-parameter">
      <extension url="code">
        <valueString value="autoload-resources"/>
      </extension>
      <extension url="value">
        <valueString value="true"/>
      </extension>
    </extension>
    <extension url="http://hl7.org/fhir/tools/StructureDefinition/ig-parameter">
      <extension url="code">
        <valueString value="path-liquid"/>
      </extension>
      <extension url="value">
        <valueString value="template/liquid"/>
      </extension>
    </extension>
    <extension url="http://hl7.org/fhir/tools/StructureDefinition/ig-parameter">
      <extension url="code">
        <valueString value="path-liquid"/>
      </extension>
      <extension url="value">
        <valueString value="input/liquid"/>
      </extension>
    </extension>
    <extension url="http://hl7.org/fhir/tools/StructureDefinition/ig-parameter">
      <extension url="code">
        <valueString value="path-qa"/>
      </extension>
      <extension url="value">
        <valueString value="temp/qa"/>
      </extension>
    </extension>
    <extension url="http://hl7.org/fhir/tools/StructureDefinition/ig-parameter">
      <extension url="code">
        <valueString value="path-temp"/>
      </extension>
      <extension url="value">
        <valueString value="temp/pages"/>
      </extension>
    </extension>
    <extension url="http://hl7.org/fhir/tools/StructureDefinition/ig-parameter">
      <extension url="code">
        <valueString value="path-output"/>
      </extension>
      <extension url="value">
        <valueString value="output"/>
      </extension>
    </extension>
    <extension url="http://hl7.org/fhir/tools/StructureDefinition/ig-parameter">
      <extension url="code">
        <valueString value="path-suppressed-warnings"/>
      </extension>
      <extension url="value">
        <valueString value="input/ignoreWarnings.txt"/>
      </extension>
    </extension>
    <extension url="http://hl7.org/fhir/tools/StructureDefinition/ig-parameter">
      <extension url="code">
        <valueString value="path-history"/>
      </extension>
      <extension url="value">
        <valueString value="history.html"/>
      </extension>
    </extension>
    <extension url="http://hl7.org/fhir/tools/StructureDefinition/ig-parameter">
      <extension url="code">
        <valueString value="template-html"/>
      </extension>
      <extension url="value">
        <valueString value="template-page.html"/>
      </extension>
    </extension>
    <extension url="http://hl7.org/fhir/tools/StructureDefinition/ig-parameter">
      <extension url="code">
        <valueString value="template-md"/>
      </extension>
      <extension url="value">
        <valueString value="template-page-md.html"/>
      </extension>
    </extension>
    <extension url="http://hl7.org/fhir/tools/StructureDefinition/ig-parameter">
      <extension url="code">
        <valueString value="apply-contact"/>
      </extension>
      <extension url="value">
        <valueString value="true"/>
      </extension>
    </extension>
    <extension url="http://hl7.org/fhir/tools/StructureDefinition/ig-parameter">
      <extension url="code">
        <valueString value="apply-context"/>
      </extension>
      <extension url="value">
        <valueString value="true"/>
      </extension>
    </extension>
    <extension url="http://hl7.org/fhir/tools/StructureDefinition/ig-parameter">
      <extension url="code">
        <valueString value="apply-copyright"/>
      </extension>
      <extension url="value">
        <valueString value="true"/>
      </extension>
    </extension>
    <extension url="http://hl7.org/fhir/tools/StructureDefinition/ig-parameter">
      <extension url="code">
        <valueString value="apply-jurisdiction"/>
      </extension>
      <extension url="value">
        <valueString value="true"/>
      </extension>
    </extension>
    <extension url="http://hl7.org/fhir/tools/StructureDefinition/ig-parameter">
      <extension url="code">
        <valueString value="apply-license"/>
      </extension>
      <extension url="value">
        <valueString value="true"/>
      </extension>
    </extension>
    <extension url="http://hl7.org/fhir/tools/StructureDefinition/ig-parameter">
      <extension url="code">
        <valueString value="apply-publisher"/>
      </extension>
      <extension url="value">
        <valueString value="true"/>
      </extension>
    </extension>
    <extension url="http://hl7.org/fhir/tools/StructureDefinition/ig-parameter">
      <extension url="code">
        <valueString value="apply-version"/>
      </extension>
      <extension url="value">
        <valueString value="true"/>
      </extension>
    </extension>
    <extension url="http://hl7.org/fhir/tools/StructureDefinition/ig-parameter">
      <extension url="code">
        <valueString value="apply-wg"/>
      </extension>
      <extension url="value">
        <valueString value="true"/>
      </extension>
    </extension>
    <extension url="http://hl7.org/fhir/tools/StructureDefinition/ig-parameter">
      <extension url="code">
        <valueString value="active-tables"/>
      </extension>
      <extension url="value">
        <valueString value="true"/>
      </extension>
    </extension>
    <extension url="http://hl7.org/fhir/tools/StructureDefinition/ig-parameter">
      <extension url="code">
        <valueString value="fmm-definition"/>
      </extension>
      <extension url="value">
        <valueString value="http://hl7.org/fhir/versions.html#maturity"/>
      </extension>
    </extension>
    <extension url="http://hl7.org/fhir/tools/StructureDefinition/ig-parameter">
      <extension url="code">
        <valueString value="propagate-status"/>
      </extension>
      <extension url="value">
        <valueString value="true"/>
      </extension>
    </extension>
    <extension url="http://hl7.org/fhir/tools/StructureDefinition/ig-parameter">
      <extension url="code">
        <valueString value="excludelogbinaryformat"/>
      </extension>
      <extension url="value">
        <valueString value="true"/>
      </extension>
    </extension>
    <extension url="http://hl7.org/fhir/tools/StructureDefinition/ig-parameter">
      <extension url="code">
        <valueString value="tabbed-snapshots"/>
      </extension>
      <extension url="value">
        <valueString value="true"/>
      </extension>
    </extension>
    <extension url="http://hl7.org/fhir/tools/StructureDefinition/ig-internal-dependency">
      <valueCode value="hl7.fhir.uv.tools.r4#0.3.0"/>
    </extension>
    <extension url="http://hl7.org/fhir/tools/StructureDefinition/ig-parameter">
      <extension url="code">
        <valueCode value="copyrightyear"/>
      </extension>
      <extension url="value">
        <valueString value="2024"/>
      </extension>
    </extension>
    <extension url="http://hl7.org/fhir/tools/StructureDefinition/ig-parameter">
      <extension url="code">
        <valueCode value="releaselabel"/>
      </extension>
      <extension url="value">
        <valueString value="experimental"/>
      </extension>
    </extension>
    <extension url="http://hl7.org/fhir/tools/StructureDefinition/ig-parameter">
      <extension url="code">
        <valueCode value="jira-code"/>
      </extension>
      <extension url="value">
        <valueString value="uv-eyecare"/>
      </extension>
    </extension>
    <extension url="http://hl7.org/fhir/tools/StructureDefinition/ig-parameter">
      <extension url="code">
        <valueCode value="autoload-resources"/>
      </extension>
      <extension url="value">
        <valueString value="true"/>
      </extension>
    </extension>
    <extension url="http://hl7.org/fhir/tools/StructureDefinition/ig-parameter">
      <extension url="code">
        <valueCode value="path-liquid"/>
      </extension>
      <extension url="value">
        <valueString value="template/liquid"/>
      </extension>
    </extension>
    <extension url="http://hl7.org/fhir/tools/StructureDefinition/ig-parameter">
      <extension url="code">
        <valueCode value="path-liquid"/>
      </extension>
      <extension url="value">
        <valueString value="input/liquid"/>
      </extension>
    </extension>
    <extension url="http://hl7.org/fhir/tools/StructureDefinition/ig-parameter">
      <extension url="code">
        <valueCode value="path-qa"/>
      </extension>
      <extension url="value">
        <valueString value="temp/qa"/>
      </extension>
    </extension>
    <extension url="http://hl7.org/fhir/tools/StructureDefinition/ig-parameter">
      <extension url="code">
        <valueCode value="path-temp"/>
      </extension>
      <extension url="value">
        <valueString value="temp/pages"/>
      </extension>
    </extension>
    <extension url="http://hl7.org/fhir/tools/StructureDefinition/ig-parameter">
      <extension url="code">
        <valueCode value="path-output"/>
      </extension>
      <extension url="value">
        <valueString value="output"/>
      </extension>
    </extension>
    <extension url="http://hl7.org/fhir/tools/StructureDefinition/ig-parameter">
      <extension url="code">
        <valueCode value="path-suppressed-warnings"/>
      </extension>
      <extension url="value">
        <valueString value="input/ignoreWarnings.txt"/>
      </extension>
    </extension>
    <extension url="http://hl7.org/fhir/tools/StructureDefinition/ig-parameter">
      <extension url="code">
        <valueCode value="path-history"/>
      </extension>
      <extension url="value">
        <valueString value="history.html"/>
      </extension>
    </extension>
    <extension url="http://hl7.org/fhir/tools/StructureDefinition/ig-parameter">
      <extension url="code">
        <valueCode value="template-html"/>
      </extension>
      <extension url="value">
        <valueString value="template-page.html"/>
      </extension>
    </extension>
    <extension url="http://hl7.org/fhir/tools/StructureDefinition/ig-parameter">
      <extension url="code">
        <valueCode value="template-md"/>
      </extension>
      <extension url="value">
        <valueString value="template-page-md.html"/>
      </extension>
    </extension>
    <extension url="http://hl7.org/fhir/tools/StructureDefinition/ig-parameter">
      <extension url="code">
        <valueCode value="apply-contact"/>
      </extension>
      <extension url="value">
        <valueString value="true"/>
      </extension>
    </extension>
    <extension url="http://hl7.org/fhir/tools/StructureDefinition/ig-parameter">
      <extension url="code">
        <valueCode value="apply-context"/>
      </extension>
      <extension url="value">
        <valueString value="true"/>
      </extension>
    </extension>
    <extension url="http://hl7.org/fhir/tools/StructureDefinition/ig-parameter">
      <extension url="code">
        <valueCode value="apply-copyright"/>
      </extension>
      <extension url="value">
        <valueString value="true"/>
      </extension>
    </extension>
    <extension url="http://hl7.org/fhir/tools/StructureDefinition/ig-parameter">
      <extension url="code">
        <valueCode value="apply-jurisdiction"/>
      </extension>
      <extension url="value">
        <valueString value="true"/>
      </extension>
    </extension>
    <extension url="http://hl7.org/fhir/tools/StructureDefinition/ig-parameter">
      <extension url="code">
        <valueCode value="apply-license"/>
      </extension>
      <extension url="value">
        <valueString value="true"/>
      </extension>
    </extension>
    <extension url="http://hl7.org/fhir/tools/StructureDefinition/ig-parameter">
      <extension url="code">
        <valueCode value="apply-publisher"/>
      </extension>
      <extension url="value">
        <valueString value="true"/>
      </extension>
    </extension>
    <extension url="http://hl7.org/fhir/tools/StructureDefinition/ig-parameter">
      <extension url="code">
        <valueCode value="apply-version"/>
      </extension>
      <extension url="value">
        <valueString value="true"/>
      </extension>
    </extension>
    <extension url="http://hl7.org/fhir/tools/StructureDefinition/ig-parameter">
      <extension url="code">
        <valueCode value="apply-wg"/>
      </extension>
      <extension url="value">
        <valueString value="true"/>
      </extension>
    </extension>
    <extension url="http://hl7.org/fhir/tools/StructureDefinition/ig-parameter">
      <extension url="code">
        <valueCode value="active-tables"/>
      </extension>
      <extension url="value">
        <valueString value="true"/>
      </extension>
    </extension>
    <extension url="http://hl7.org/fhir/tools/StructureDefinition/ig-parameter">
      <extension url="code">
        <valueCode value="fmm-definition"/>
      </extension>
      <extension url="value">
        <valueString value="http://hl7.org/fhir/versions.html#maturity"/>
      </extension>
    </extension>
    <extension url="http://hl7.org/fhir/tools/StructureDefinition/ig-parameter">
      <extension url="code">
        <valueCode value="propagate-status"/>
      </extension>
      <extension url="value">
        <valueString value="true"/>
      </extension>
    </extension>
    <extension url="http://hl7.org/fhir/tools/StructureDefinition/ig-parameter">
      <extension url="code">
        <valueCode value="excludelogbinaryformat"/>
      </extension>
      <extension url="value">
        <valueString value="true"/>
      </extension>
    </extension>
    <extension url="http://hl7.org/fhir/tools/StructureDefinition/ig-parameter">
      <extension url="code">
        <valueCode value="tabbed-snapshots"/>
      </extension>
      <extension url="value">
        <valueString value="true"/>
      </extension>
    </extension>
    <resource>
      <extension url="http://hl7.org/fhir/tools/StructureDefinition/resource-information">
        <valueString value="BodyStructure"/>
      </extension>
      <reference>
        <reference value="BodyStructure/bodystructure-right-eye"/>
      </reference>
      <name value="Right Eye Body Structure"/>
      <exampleBoolean value="true"/>
    </resource>
    <resource>
      <extension url="http://hl7.org/fhir/tools/StructureDefinition/resource-information">
        <valueString value="BodyStructure"/>
      </extension>
      <reference>
        <reference value="BodyStructure/bodystructure-left-eye"/>
      </reference>
      <name value="Left Eye Body Structure"/>
      <exampleBoolean value="true"/>
    </resource>
    <resource>
      <extension url="http://hl7.org/fhir/tools/StructureDefinition/resource-information">
        <valueString value="Practitioner"/>
      </extension>
      <reference>
        <reference value="Practitioner/ophthal-practitioner-example-0"/>
      </reference>
      <name value="Practitioner Example"/>
      <exampleBoolean value="true"/>
    </resource>
    <resource>
      <extension url="http://hl7.org/fhir/tools/StructureDefinition/resource-information">
        <valueString value="Patient"/>
      </extension>
      <reference>
        <reference value="Patient/ophthal-patient-example-0"/>
      </reference>
      <name value="Patient Example"/>
      <exampleBoolean value="true"/>
    </resource>
    <resource>
      <extension url="http://hl7.org/fhir/tools/StructureDefinition/resource-information">
        <valueString value="Media"/>
      </extension>
      <reference>
        <reference value="Media/visual-field-le-0"/>
      </reference>
      <name value="Media Example"/>
      <exampleBoolean value="true"/>
    </resource>
    <resource>
      <extension url="http://hl7.org/fhir/tools/StructureDefinition/resource-information">
        <valueString value="Media"/>
      </extension>
      <reference>
        <reference value="Media/visual-field-re-0"/>
      </reference>
      <name value="Media Example"/>
      <exampleBoolean value="true"/>
    </resource>
    <resource>
      <extension url="http://hl7.org/fhir/tools/StructureDefinition/resource-information">
        <valueString value="Observation"/>
      </extension>
      <reference>
        <reference value="Observation/posteriorsegment-example"/>
      </reference>
      <name value="Example Observation - posteriorsegment-example"/>
      <exampleCanonical value="https://larfuma.github.io/fhir-eyecare-ig/StructureDefinition-Posteriorsegment-narrative"/>
    </resource>
    <resource>
      <extension url="http://hl7.org/fhir/tools/StructureDefinition/resource-information">
        <valueString value="Observation"/>
      </extension>
      <reference>
        <reference value="Observation/va-observation-v2-example-patient-1-with-overrefraction"/>
      </reference>
      <name value="Example Observation - va-observation-v2-example-patient-1-with-overrefraction"/>
      <exampleCanonical value="https://larfuma.github.io/fhir-eyecare-ig/StructureDefinition-observation-visual-acuity-version-two"/>
    </resource>
    <resource>
      <extension url="http://hl7.org/fhir/tools/StructureDefinition/resource-information">
        <valueString value="Observation"/>
      </extension>
      <reference>
        <reference value="Observation/va-observation-v2-example-patient-1-without-overrefraction"/>
      </reference>
      <name value="Example Observation - va-observation-v2-example-patient-1-without-overrefraction"/>
      <exampleCanonical value="https://larfuma.github.io/fhir-eyecare-ig/StructureDefinition-observation-visual-acuity-version-two"/>
    </resource>
    <resource>
      <extension url="http://hl7.org/fhir/tools/StructureDefinition/resource-information">
        <valueString value="Observation"/>
      </extension>
      <reference>
        <reference value="Observation/va-measurement-example-patient-2-bino-50cm-with-od-contactlens"/>
      </reference>
      <name value="Example Observation - va-measurement-example-patient-2-bino-50cm-with-od-contactlens"/>
      <exampleCanonical value="https://larfuma.github.io/fhir-eyecare-ig/StructureDefinition-observation-visual-acuity-version-three"/>
    </resource>
    <resource>
      <extension url="http://hl7.org/fhir/tools/StructureDefinition/resource-information">
        <valueString value="Observation"/>
      </extension>
      <reference>
        <reference value="Observation/va-measurement-example-patient-1-with-overrefraction-v3"/>
      </reference>
      <name value="Example Observation - va-measurement-example-patient-1-with-overrefraction-v3"/>
      <exampleCanonical value="https://larfuma.github.io/fhir-eyecare-ig/StructureDefinition-observation-visual-acuity-version-three"/>
    </resource>
    <resource>
      <extension url="http://hl7.org/fhir/tools/StructureDefinition/resource-information">
        <valueString value="Observation"/>
      </extension>
      <reference>
        <reference value="Observation/va-measurement-example-patient-1-without-overrefraction-v3"/>
      </reference>
      <name value="Example Observation - va-measurement-example-patient-1-without-overrefraction-v3"/>
      <exampleCanonical value="https://larfuma.github.io/fhir-eyecare-ig/StructureDefinition-observation-visual-acuity-version-three"/>
    </resource>
    <resource>
      <extension url="http://hl7.org/fhir/tools/StructureDefinition/resource-information">
        <valueString value="BodyStructure"/>
      </extension>
      <reference>
        <reference value="BodyStructure/bodystructure-right-eye-6oclock"/>
      </reference>
    </resource>
    <resource>
      <extension url="http://hl7.org/fhir/tools/StructureDefinition/resource-information">
        <valueString value="Condition"/>
      </extension>
      <reference>
        <reference value="Condition/condition-ophthal-glaucoma"/>
      </reference>
    </resource>
    <resource>
      <extension url="http://hl7.org/fhir/tools/StructureDefinition/resource-information">
        <valueString value="DiagnosticReport"/>
      </extension>
      <reference>
        <reference value="DiagnosticReport/diagnostic-report-visual-field-test-re-0"/>
      </reference>
    </resource>
    <resource>
      <extension url="http://hl7.org/fhir/tools/StructureDefinition/resource-information">
        <valueString value="DiagnosticReport"/>
      </extension>
      <reference>
        <reference value="DiagnosticReport/diagnostic-report-visual-field-test-le-0"/>
      </reference>
    </resource>
    <resource>
      <extension url="http://hl7.org/fhir/tools/StructureDefinition/resource-information">
        <valueString value="Observation"/>
      </extension>
      <reference>
        <reference value="Observation/observation-iop-goldman-re-0"/>
      </reference>
    </resource>
    <resource>
      <extension url="http://hl7.org/fhir/tools/StructureDefinition/resource-information">
        <valueString value="Observation"/>
      </extension>
      <reference>
        <reference value="Observation/observation-iop-goldman-le-0"/>
      </reference>
    </resource>
    <resource>
      <extension url="http://hl7.org/fhir/tools/StructureDefinition/resource-information">
        <valueString value="Observation"/>
      </extension>
      <reference>
        <reference value="Observation/observation-iop-icare-home-re-0"/>
      </reference>
    </resource>
    <resource>
      <extension url="http://hl7.org/fhir/tools/StructureDefinition/resource-information">
        <valueString value="Observation"/>
      </extension>
      <reference>
        <reference value="Observation/observation-iop-icare-home-le-0"/>
      </reference>
    </resource>
    <resource>
      <extension url="http://hl7.org/fhir/tools/StructureDefinition/resource-information">
        <valueString value="Observation"/>
      </extension>
      <reference>
        <reference value="Observation/observation-refraction-re-0"/>
      </reference>
    </resource>
    <resource>
      <extension url="http://hl7.org/fhir/tools/StructureDefinition/resource-information">
        <valueString value="Observation"/>
      </extension>
      <reference>
        <reference value="Observation/observation-refraction-le-0"/>
      </reference>
    </resource>
    <resource>
      <extension url="http://hl7.org/fhir/tools/StructureDefinition/resource-information">
        <valueString value="Observation"/>
      </extension>
      <reference>
        <reference value="Observation/va-measurement-experiment"/>
      </reference>
      <name value="Example Observation - va-measurement-experiment"/>
      <exampleCanonical value="https://larfuma.github.io/fhir-eyecare-ig/StructureDefinition-observation-visual-acuity-version-three"/>
    </resource>
    <resource>
      <extension url="http://hl7.org/fhir/tools/StructureDefinition/resource-information">
        <valueString value="Observation"/>
      </extension>
      <reference>
        <reference value="Observation/vf-false-positives-re-0"/>
      </reference>
    </resource>
    <resource>
      <extension url="http://hl7.org/fhir/tools/StructureDefinition/resource-information">
        <valueString value="Observation"/>
      </extension>
      <reference>
        <reference value="Observation/vf-false-positives-le-0"/>
      </reference>
    </resource>
    <resource>
      <extension url="http://hl7.org/fhir/tools/StructureDefinition/resource-information">
        <valueString value="Observation"/>
      </extension>
      <reference>
        <reference value="Observation/vf-fixation-loss-re-0"/>
      </reference>
    </resource>
    <resource>
      <extension url="http://hl7.org/fhir/tools/StructureDefinition/resource-information">
        <valueString value="Observation"/>
      </extension>
      <reference>
        <reference value="Observation/vf-fixation-loss-le-0"/>
      </reference>
    </resource>
    <resource>
      <extension url="http://hl7.org/fhir/tools/StructureDefinition/resource-information">
        <valueString value="Observation"/>
      </extension>
      <reference>
        <reference value="Observation/vf-mean-deviation-re-0"/>
      </reference>
    </resource>
    <resource>
      <extension url="http://hl7.org/fhir/tools/StructureDefinition/resource-information">
        <valueString value="Observation"/>
      </extension>
      <reference>
        <reference value="Observation/vf-mean-deviation-le-0"/>
      </reference>
    </resource>
    <resource>
      <extension url="http://hl7.org/fhir/tools/StructureDefinition/resource-information">
        <valueString value="Observation"/>
      </extension>
      <reference>
        <reference value="Observation/vf-pattern-standard-deviation-re-0"/>
      </reference>
    </resource>
    <resource>
      <extension url="http://hl7.org/fhir/tools/StructureDefinition/resource-information">
        <valueString value="Observation"/>
      </extension>
      <reference>
        <reference value="Observation/vf-pattern-standard-deviation-le-0"/>
      </reference>
    </resource>
    <resource>
      <extension url="http://hl7.org/fhir/tools/StructureDefinition/resource-information">
        <valueString value="Observation"/>
      </extension>
      <reference>
        <reference value="Observation/vf-test-duration-re-0"/>
      </reference>
    </resource>
    <resource>
      <extension url="http://hl7.org/fhir/tools/StructureDefinition/resource-information">
        <valueString value="Observation"/>
      </extension>
      <reference>
        <reference value="Observation/vf-test-duration-le-0"/>
      </reference>
    </resource>
    <resource>
      <extension url="http://hl7.org/fhir/tools/StructureDefinition/resource-information">
        <valueString value="Procedure"/>
      </extension>
      <reference>
        <reference value="Procedure/perimetry-24-2-perimetry-test"/>
      </reference>
    </resource>
    <resource>
      <extension url="http://hl7.org/fhir/tools/StructureDefinition/resource-information">
        <valueString value="Observation"/>
      </extension>
      <reference>
        <reference value="Observation/pupil-comparison-1"/>
      </reference>
      <name value="Example Observation - pupil-comparison-1"/>
      <exampleCanonical value="https://larfuma.github.io/fhir-eyecare-ig/StructureDefinition/pupil-comparison"/>
    </resource>
    <resource>
      <extension url="http://hl7.org/fhir/tools/StructureDefinition/resource-information">
        <valueString value="Observation"/>
      </extension>
      <reference>
        <reference value="Observation/pupil-comparison-2"/>
      </reference>
      <name value="Example Observation - pupil-comparison-2"/>
      <exampleCanonical value="https://larfuma.github.io/fhir-eyecare-ig/StructureDefinition/pupil-comparison"/>
    </resource>
    <resource>
      <extension url="http://hl7.org/fhir/tools/StructureDefinition/resource-information">
        <valueString value="Observation"/>
      </extension>
      <reference>
        <reference value="Observation/pupil-comparison-3"/>
      </reference>
      <name value="Example Observation - pupil-comparison-3"/>
      <exampleCanonical value="https://larfuma.github.io/fhir-eyecare-ig/StructureDefinition/pupil-comparison"/>
    </resource>
    <resource>
      <extension url="http://hl7.org/fhir/tools/StructureDefinition/resource-information">
        <valueString value="Observation"/>
      </extension>
      <reference>
        <reference value="Observation/pupil-comparison-4"/>
      </reference>
      <name value="Example Observation - pupil-comparison-4"/>
      <exampleCanonical value="https://larfuma.github.io/fhir-eyecare-ig/StructureDefinition/pupil-comparison"/>
    </resource>
    <resource>
      <extension url="http://hl7.org/fhir/tools/StructureDefinition/resource-information">
        <valueString value="Observation"/>
      </extension>
      <reference>
        <reference value="Observation/pupil-diameter-left-eye-1"/>
      </reference>
      <name value="Example Observation - pupil-diameter-left-eye-1"/>
      <exampleCanonical value="https://larfuma.github.io/fhir-eyecare-ig/StructureDefinition/pupil-diameter"/>
    </resource>
    <resource>
      <extension url="http://hl7.org/fhir/tools/StructureDefinition/resource-information">
        <valueString value="Observation"/>
      </extension>
      <reference>
        <reference value="Observation/pupil-diameter-left-eye-2"/>
      </reference>
      <name value="Example Observation - pupil-diameter-left-eye-2"/>
      <exampleCanonical value="https://larfuma.github.io/fhir-eyecare-ig/StructureDefinition/pupil-diameter"/>
    </resource>
    <resource>
      <extension url="http://hl7.org/fhir/tools/StructureDefinition/resource-information">
        <valueString value="Observation"/>
      </extension>
      <reference>
        <reference value="Observation/pupil-diameter-left-eye-3"/>
      </reference>
      <name value="Example Observation - pupil-diameter-left-eye-3"/>
      <exampleCanonical value="https://larfuma.github.io/fhir-eyecare-ig/StructureDefinition/pupil-diameter"/>
    </resource>
    <resource>
      <extension url="http://hl7.org/fhir/tools/StructureDefinition/resource-information">
        <valueString value="Observation"/>
      </extension>
      <reference>
        <reference value="Observation/pupil-diameter-left-eye-4"/>
      </reference>
      <name value="Example Observation - pupil-diameter-left-eye-4"/>
      <exampleCanonical value="https://larfuma.github.io/fhir-eyecare-ig/StructureDefinition/pupil-diameter"/>
    </resource>
    <resource>
      <extension url="http://hl7.org/fhir/tools/StructureDefinition/resource-information">
        <valueString value="Observation"/>
      </extension>
      <reference>
        <reference value="Observation/pupil-diameter-right-eye-1"/>
      </reference>
      <name value="Example Observation - pupil-diameter-right-eye-1"/>
      <exampleCanonical value="https://larfuma.github.io/fhir-eyecare-ig/StructureDefinition/pupil-diameter"/>
    </resource>
    <resource>
      <extension url="http://hl7.org/fhir/tools/StructureDefinition/resource-information">
        <valueString value="Observation"/>
      </extension>
      <reference>
        <reference value="Observation/pupil-diameter-right-eye-2"/>
      </reference>
      <name value="Example Observation - pupil-diameter-right-eye-2"/>
      <exampleCanonical value="https://larfuma.github.io/fhir-eyecare-ig/StructureDefinition/pupil-diameter"/>
    </resource>
    <resource>
      <extension url="http://hl7.org/fhir/tools/StructureDefinition/resource-information">
        <valueString value="Observation"/>
      </extension>
      <reference>
        <reference value="Observation/pupil-diameter-right-eye-3"/>
      </reference>
      <name value="Example Observation - pupil-diameter-right-eye-3"/>
      <exampleCanonical value="https://larfuma.github.io/fhir-eyecare-ig/StructureDefinition/pupil-diameter"/>
    </resource>
    <resource>
      <extension url="http://hl7.org/fhir/tools/StructureDefinition/resource-information">
        <valueString value="Observation"/>
      </extension>
      <reference>
        <reference value="Observation/pupil-diameter-right-eye-4"/>
      </reference>
      <name value="Example Observation - pupil-diameter-right-eye-4"/>
      <exampleCanonical value="https://larfuma.github.io/fhir-eyecare-ig/StructureDefinition/pupil-diameter"/>
    </resource>
    <resource>
      <extension url="http://hl7.org/fhir/tools/StructureDefinition/resource-information">
        <valueString value="DiagnosticReport"/>
      </extension>
      <reference>
        <reference value="DiagnosticReport/pupillomotoric-report-1"/>
      </reference>
      <name value="Example DiagnosticReport - pupillomotoric-report-1"/>
      <exampleCanonical value="https://larfuma.github.io/fhir-eyecare-ig/StructureDefinition-PupillomotoricDiagnosticReport"/>
    </resource>
    <resource>
      <extension url="http://hl7.org/fhir/tools/StructureDefinition/resource-information">
        <valueString value="CodeSystem"/>
      </extension>
      <reference>
        <reference value="CodeSystem/custom-codes-to-be-submitted-to-SNOMED-or-LOINC"/>
      </reference>
      <name value="Codes which were needed, but not found in SNOMED or LOINC, will be submitted there"/>
      <description value="Codes which were needed, but not found in SNOMED or LOINC, will be submitted there"/>
    </resource>
    <resource>
      <extension url="http://hl7.org/fhir/tools/StructureDefinition/resource-information">
        <valueString value="CodeSystem"/>
      </extension>
      <reference>
        <reference value="CodeSystem/iop-methods"/>
      </reference>
      <name value="IOP Methods Code System"/>
      <description value="IOP additional method types"/>
    </resource>
    <resource>
      <extension url="http://hl7.org/fhir/tools/StructureDefinition/resource-information">
        <valueString value="CodeSystem"/>
      </extension>
      <reference>
        <reference value="CodeSystem/qualifiers"/>
      </reference>
      <name value="Body Structure Qualifiers"/>
      <description value="Additional body site qualifiers"/>
    </resource>
    <resource>
      <extension url="http://hl7.org/fhir/tools/StructureDefinition/resource-information">
        <valueString value="CodeSystem"/>
      </extension>
      <reference>
        <reference value="CodeSystem/visual-field-observations"/>
      </reference>
      <name value="Visual field test parameter observations"/>
      <description value="Visual field observation additional codes"/>
    </resource>
    <resource>
      <extension url="http://hl7.org/fhir/tools/StructureDefinition/resource-information">
        <valueString value="StructureDefinition:resource"/>
      </extension>
      <reference>
        <reference value="StructureDefinition/PupillomotoricDiagnosticReport"/>
      </reference>
    </resource>
    <resource>
      <extension url="http://hl7.org/fhir/tools/StructureDefinition/resource-information">
        <valueString value="StructureDefinition:extension"/>
      </extension>
      <reference>
        <reference value="StructureDefinition/LensDuringVATestSpecification"/>
      </reference>
      <description value="Specification any Lens that was n front of an eye during a Visual Acuity test test"/>
    </resource>
    <resource>
      <extension url="http://hl7.org/fhir/tools/StructureDefinition/resource-information">
        <valueString value="StructureDefinition:extension"/>
      </extension>
      <reference>
        <reference value="StructureDefinition/OwnLensDuringVATestSpecification"/>
      </reference>
      <description value="Specification of the Lens that was worn during the Visual Acuity test test"/>
    </resource>
    <resource>
      <extension url="http://hl7.org/fhir/tools/StructureDefinition/resource-information">
        <valueString value="StructureDefinition:resource"/>
      </extension>
      <reference>
        <reference value="StructureDefinition/Posteriorsegment-narrative"/>
      </reference>
    </resource>
    <resource>
      <extension url="http://hl7.org/fhir/tools/StructureDefinition/resource-information">
        <valueString value="StructureDefinition:resource"/>
      </extension>
      <reference>
        <reference value="StructureDefinition/pupil-comparison"/>
      </reference>
    </resource>
    <resource>
      <extension url="http://hl7.org/fhir/tools/StructureDefinition/resource-information">
        <valueString value="StructureDefinition:resource"/>
      </extension>
      <reference>
        <reference value="StructureDefinition/pupil-diameter"/>
      </reference>
    </resource>
    <resource>
      <extension url="http://hl7.org/fhir/tools/StructureDefinition/resource-information">
        <valueString value="StructureDefinition:resource"/>
      </extension>
      <reference>
        <reference value="StructureDefinition/body-structure-eye"/>
      </reference>
      <name value="Ocular anatomical location"/>
      <description value="The description of an ophthalmic anatomical site that is located within the following structures: the eyeball or the periocular or orbital regions (as opposed to non-ocular anatomical locations). This profile is used by combining the unique valueset (hyperlink) for relevant ophthalmic specific BodyStructure.locationQualifier (Body Site modifier) in combination with the base Observation BodyStructure.location (Body Site; descendants from SNOMED 371398005 (Eye Region Structure), each with a preferred binding in order to refine the accuracy of the location decription of occular structures. This unique qualifying element is important because these locations are routinely described either diffently and/or more granularly than other body parts. Of note - non occular (or surrounding) anatomical location references of Observations (eg - arm) do not need to use this modified specialty profile."/>
    </resource>
    <resource>
      <extension url="http://hl7.org/fhir/tools/StructureDefinition/resource-information">
        <valueString value="StructureDefinition:resource"/>
      </extension>
      <reference>
        <reference value="StructureDefinition/condition-base"/>
      </reference>
      <name value="Ophthalmic Diagnoses"/>
      <description value="A profile to describe the formal past/present clinical diagnosis of a specific non-ophthalmic pathological Condition. As noted above, although the Condition Resource is also referenced in the non-ophthalmic findings profile, this profile is a modification of the base Condition Resource (as opposed to a base Obervation Resource modification, referencing Condition)."/>
    </resource>
    <resource>
      <extension url="http://hl7.org/fhir/tools/StructureDefinition/resource-information">
        <valueString value="StructureDefinition:resource"/>
      </extension>
      <reference>
        <reference value="StructureDefinition/diagnostic-report-base"/>
      </reference>
      <name value="Ophthalmic diagnostic test report"/>
      <description value="Base profile specifically constrained for describing ophthalmic reports"/>
    </resource>
    <resource>
      <extension url="http://hl7.org/fhir/tools/StructureDefinition/resource-information">
        <valueString value="StructureDefinition:resource"/>
      </extension>
      <reference>
        <reference value="StructureDefinition/diagnostic-report-oct-macula"/>
      </reference>
      <name value="OCT macula Diagnostic Report"/>
      <description value="The DiagnosticReport profile for an OCT macula"/>
    </resource>
    <resource>
      <extension url="http://hl7.org/fhir/tools/StructureDefinition/resource-information">
        <valueString value="StructureDefinition:resource"/>
      </extension>
      <reference>
        <reference value="StructureDefinition/diagnostic-report-oct-rnfl"/>
      </reference>
      <name value="OCT RNFL Diagnostic Report"/>
      <description value="The DiagnosticReport profile for an OCT RNFL"/>
    </resource>
    <resource>
      <extension url="http://hl7.org/fhir/tools/StructureDefinition/resource-information">
        <valueString value="StructureDefinition:resource"/>
      </extension>
      <reference>
        <reference value="StructureDefinition/diagnostic-report-visual-field"/>
      </reference>
      <name value="VF Diagnostic Report "/>
      <description value="The DiagnosticReport profile for a visual field DT"/>
    </resource>
    <resource>
      <extension url="http://hl7.org/fhir/tools/StructureDefinition/resource-information">
        <valueString value="StructureDefinition:resource"/>
      </extension>
      <reference>
        <reference value="StructureDefinition/observation-base"/>
      </reference>
      <name value="Base ophthalmic Observation profile"/>
      <description value="Base profile specifically constrained for describing ophthalmic Observations"/>
    </resource>
    <resource>
      <extension url="http://hl7.org/fhir/tools/StructureDefinition/resource-information">
        <valueString value="StructureDefinition:resource"/>
      </extension>
      <reference>
        <reference value="StructureDefinition/observation-iop"/>
      </reference>
      <name value="Intraocular Pressure (IOP)"/>
      <description value="A measurement of a patient's intraocular (within the eyeball) pressure (in mmHg)."/>
    </resource>
    <resource>
      <extension url="http://hl7.org/fhir/tools/StructureDefinition/resource-information">
        <valueString value="StructureDefinition:resource"/>
      </extension>
      <reference>
        <reference value="StructureDefinition/observation-oct-macula"/>
      </reference>
      <name value="OCT macula Observations"/>
      <description value="The Observations associated with the OCT macula DiagnosticReport (note: this valueset can also be used independently to describe specific findings/Observations captured by a OCT test, which may not necessarily be referenced by the DiagnosticReport.)"/>
    </resource>
    <resource>
      <extension url="http://hl7.org/fhir/tools/StructureDefinition/resource-information">
        <valueString value="StructureDefinition:resource"/>
      </extension>
      <reference>
        <reference value="StructureDefinition/observation-oct-rnfl"/>
      </reference>
      <name value="OCT RFNL Observations"/>
      <description value="The Observations associated with the OCT RNFL DiagnosticReport (note: this valueset can also be used independently to describe specific findings/Observations captured by a OCT test, which may not necessarily be referenced by the DiagnosticReport.)"/>
    </resource>
    <resource>
      <extension url="http://hl7.org/fhir/tools/StructureDefinition/resource-information">
        <valueString value="StructureDefinition:resource"/>
      </extension>
      <reference>
        <reference value="StructureDefinition/observation-visual-acuity-version-three"/>
      </reference>
      <name value="Visual Acuity (VA) V3"/>
      <description value="An assessment of a patients ability to see - Version three"/>
    </resource>
    <resource>
      <extension url="http://hl7.org/fhir/tools/StructureDefinition/resource-information">
        <valueString value="StructureDefinition:resource"/>
      </extension>
      <reference>
        <reference value="StructureDefinition/observation-visual-acuity-version-two"/>
      </reference>
      <name value="Visual Acuity (VA) V2"/>
      <description value="An assessment of a patients ability to see - Version two - simpler structure than Version 1"/>
    </resource>
    <resource>
      <extension url="http://hl7.org/fhir/tools/StructureDefinition/resource-information">
        <valueString value="StructureDefinition:resource"/>
      </extension>
      <reference>
        <reference value="StructureDefinition/observation-visual-acuity"/>
      </reference>
      <name value="Visual Acuity (VA)"/>
      <description value="An assessment of a patients ability to see."/>
    </resource>
    <resource>
      <extension url="http://hl7.org/fhir/tools/StructureDefinition/resource-information">
        <valueString value="StructureDefinition:resource"/>
      </extension>
      <reference>
        <reference value="StructureDefinition/observation-visual-field"/>
      </reference>
      <name value="VF Observations"/>
      <description value="The Observations associated with the VF DiagnosticReport (note: this valueset can also be used independently to describe specific findings/Observations captured by a VF test, which may not necessarily be referenced by the DiagnosticReport.)"/>
    </resource>
    <resource>
      <extension url="http://hl7.org/fhir/tools/StructureDefinition/resource-information">
        <valueString value="ValueSet"/>
      </extension>
      <reference>
        <reference value="ValueSet/Pupil-function-confounders"/>
      </reference>
      <name value="Pupil Function Confounders"/>
      <description value="ValueSet including codes that represent confounders due to pupil function that may affect visual acuity measurements."/>
    </resource>
    <resource>
      <extension url="http://hl7.org/fhir/tools/StructureDefinition/resource-information">
        <valueString value="ValueSet"/>
      </extension>
      <reference>
        <reference value="ValueSet/visual-acuity-categorical-values"/>
      </reference>
      <name value="Visual Acuity Categorical Values"/>
      <description value="ValueSet containing categorical values for visual acuity observations."/>
    </resource>
    <resource>
      <extension url="http://hl7.org/fhir/tools/StructureDefinition/resource-information">
        <valueString value="ValueSet"/>
      </extension>
      <reference>
        <reference value="ValueSet/body-site-eye"/>
      </reference>
      <name value="Ophthalmic anatomical location"/>
      <description value="Describes the ophthalmic structure being referenced"/>
    </resource>
    <resource>
      <extension url="http://hl7.org/fhir/tools/StructureDefinition/resource-information">
        <valueString value="ValueSet"/>
      </extension>
      <reference>
        <reference value="ValueSet/conditions"/>
      </reference>
      <name value="Ophthalmology Condition ICD10 and SNOMED codes ValueSet"/>
      <description value="Clinical findings for the eye region."/>
    </resource>
    <resource>
      <extension url="http://hl7.org/fhir/tools/StructureDefinition/resource-information">
        <valueString value="ValueSet"/>
      </extension>
      <reference>
        <reference value="ValueSet/iop-methods"/>
      </reference>
      <name value="Intraocular pressure (IOP) method valueset"/>
      <description value="Describes the various methods of capturing IOP that relate to the IOP Observation profile"/>
    </resource>
    <resource>
      <extension url="http://hl7.org/fhir/tools/StructureDefinition/resource-information">
        <valueString value="ValueSet"/>
      </extension>
      <reference>
        <reference value="ValueSet/observable-entities"/>
      </reference>
      <name value="Ophthalmology observations (SNOMED)"/>
      <description value="Concept descends from 363926002 - Eye/vision observable (observable entity)"/>
    </resource>
    <resource>
      <extension url="http://hl7.org/fhir/tools/StructureDefinition/resource-information">
        <valueString value="ValueSet"/>
      </extension>
      <reference>
        <reference value="ValueSet/observation-final-status"/>
      </reference>
      <name value="Observation Status"/>
      <description value="Describes whether a recorded observation is either final or amended"/>
    </resource>
    <resource>
      <extension url="http://hl7.org/fhir/tools/StructureDefinition/resource-information">
        <valueString value="ValueSet"/>
      </extension>
      <reference>
        <reference value="ValueSet/observation-oct-macula"/>
      </reference>
      <name value="OCT Macula Observable Entities ValueSet"/>
      <description value="OCT Macula observations coding"/>
    </resource>
    <resource>
      <extension url="http://hl7.org/fhir/tools/StructureDefinition/resource-information">
        <valueString value="ValueSet"/>
      </extension>
      <reference>
        <reference value="ValueSet/observation-oct-rnfl"/>
      </reference>
      <name value="OCT RNFL Observable Entities ValueSet"/>
      <description value="OCT RNFL observations coding"/>
    </resource>
    <resource>
      <extension url="http://hl7.org/fhir/tools/StructureDefinition/resource-information">
        <valueString value="ValueSet"/>
      </extension>
      <reference>
        <reference value="ValueSet/observation-visual-acuity"/>
      </reference>
      <name value="Visual acuity method valueset (SNOMED)"/>
      <description value="Describes the visual acuity observation result, where concept descends from 363983007 (Visual acuity)"/>
    </resource>
    <resource>
      <extension url="http://hl7.org/fhir/tools/StructureDefinition/resource-information">
        <valueString value="ValueSet"/>
      </extension>
      <reference>
        <reference value="ValueSet/observation-visual-field"/>
      </reference>
      <name value="Visual Field Observable Entities ValueSet"/>
      <description value="Visual field observation coding"/>
    </resource>
    <resource>
      <extension url="http://hl7.org/fhir/tools/StructureDefinition/resource-information">
        <valueString value="ValueSet"/>
      </extension>
      <reference>
        <reference value="ValueSet/optotype-presentation"/>
      </reference>
      <name value="Optotype Presentation ValueSet"/>
      <description value="A ValueSet that includes codes representing the type of optotype presentation used during visual acuity testing."/>
    </resource>
    <resource>
      <extension url="http://hl7.org/fhir/tools/StructureDefinition/resource-information">
        <valueString value="ValueSet"/>
      </extension>
      <reference>
        <reference value="ValueSet/optotypes"/>
      </reference>
      <name value="Optotype ValueSet"/>
      <description value="A ValueSet that includes codes representing optotype used during visual acuity testing."/>
    </resource>
    <resource>
      <extension url="http://hl7.org/fhir/tools/StructureDefinition/resource-information">
        <valueString value="ValueSet"/>
      </extension>
      <reference>
        <reference value="ValueSet/pinhole-occluder-usage"/>
      </reference>
      <name value="Pinhole Occluder Usage Values"/>
      <description value="This ValueSet contains SNOMED CT codes to represent whether a pinhole occluder was used during a visual acuity measurement."/>
    </resource>
    <resource>
      <extension url="http://hl7.org/fhir/tools/StructureDefinition/resource-information">
        <valueString value="ValueSet"/>
      </extension>
      <reference>
        <reference value="ValueSet/procedures"/>
      </reference>
      <name value="Ophthalmology Procedures Valueset"/>
      <description value="This ValueSet represents procedure codes for clinical and billing purposes."/>
    </resource>
    <resource>
      <extension url="http://hl7.org/fhir/tools/StructureDefinition/resource-information">
        <valueString value="ValueSet"/>
      </extension>
      <reference>
        <reference value="ValueSet/qualifiers"/>
      </reference>
      <name value="Ophthalmic anatomical location qualifiers"/>
      <description value="Describes whether a recorded observation is either final or amended"/>
    </resource>
    <resource>
      <extension url="http://hl7.org/fhir/tools/StructureDefinition/resource-information">
        <valueString value="ValueSet"/>
      </extension>
      <reference>
        <reference value="ValueSet/right-left-both-eyes"/>
      </reference>
      <name value="ValueSet-right-left-both-eyes"/>
      <description value="ValueSet containing laterality codes for ophthalmic observations which may contain information on one or both eyes"/>
    </resource>
    <resource>
      <extension url="http://hl7.org/fhir/tools/StructureDefinition/resource-information">
        <valueString value="ValueSet"/>
      </extension>
      <reference>
        <reference value="ValueSet/room-brightness-levels"/>
      </reference>
      <name value="Room Brightness Levels"/>
      <description value="This ValueSet contains codes to represent the brightness of the room where a test was performed."/>
    </resource>
    <resource>
      <extension url="http://hl7.org/fhir/tools/StructureDefinition/resource-information">
        <valueString value="ValueSet"/>
      </extension>
      <reference>
        <reference value="ValueSet/special-va-testing-parameters"/>
      </reference>
      <name value="Special VA testing Parameters"/>
      <description value="This ValueSet contains codes to represent whether special testing parameters, such as a pinhole occluder or glare light, were used during a visual acuity measurement."/>
    </resource>
    <resource>
      <extension url="http://hl7.org/fhir/tools/StructureDefinition/resource-information">
        <valueString value="ValueSet"/>
      </extension>
      <reference>
        <reference value="ValueSet/visual-acuity-correction-methods-with-sl"/>
      </reference>
      <name value="Visual Acuity Correction Methods"/>
      <description value="Methods of correction used during a visual acuity test."/>
    </resource>
    <resource>
      <extension url="http://hl7.org/fhir/tools/StructureDefinition/resource-information">
        <valueString value="ValueSet"/>
      </extension>
      <reference>
        <reference value="ValueSet/visual-acuity-correction-methods"/>
      </reference>
      <name value="Visual Acuity Correction Methods"/>
      <description value="Methods of correction used during a visual acuity test."/>
    </resource>
    <resource>
      <extension url="http://hl7.org/fhir/tools/StructureDefinition/resource-information">
        <valueString value="ValueSet"/>
      </extension>
      <reference>
        <reference value="ValueSet/observation-visual-acuity-methods"/>
      </reference>
      <name value="Visual Acuity Measurement Methods valueset"/>
      <description value="Describes the various charts that can be used to assess visual acuity where concept descends from 400912000 (Visual acuity test equipment (physical object))"/>
    </resource>
    <resource>
      <extension url="http://hl7.org/fhir/tools/StructureDefinition/resource-information">
        <valueString value="ValueSet"/>
      </extension>
      <reference>
        <reference value="ValueSet/visual-acuity-quantity-units"/>
      </reference>
      <name value="Visual Acuity Quantity Units"/>
      <description value="Units of Measure of Visual acuity"/>
    </resource>
    <resource>
      <extension url="http://hl7.org/fhir/tools/StructureDefinition/resource-information">
        <valueString value="ValueSet"/>
      </extension>
      <reference>
        <reference value="ValueSet/visual-acuity-test-distance"/>
      </reference>
      <name value="Visual Acuity Test Distance"/>
      <description value="Codes representing the distances at which visual acuity tests are performed."/>
    </resource>
    <resource>
      <extension url="http://hl7.org/fhir/tools/StructureDefinition/resource-information">
        <valueString value="ValueSet"/>
      </extension>
      <reference>
        <reference value="ValueSet/Pupil-Diameter-Comparison"/>
      </reference>
      <name value="Pupil-Diameter-Comparison"/>
      <description value="A ValueSet containing codes for various pupillomotor function observations."/>
    </resource>
    <resource>
      <extension url="http://hl7.org/fhir/tools/StructureDefinition/resource-information">
        <valueString value="ValueSet"/>
      </extension>
      <reference>
        <reference value="ValueSet/lens-types"/>
      </reference>
      <name value="Lens Types"/>
      <description value="This ValueSet includes all SNOMED CT codes that are descendants of 'Contact lenses, device' (57368009) and 'Eye glasses, device' (50121007)."/>
    </resource>
    <resource>
      <extension url="http://hl7.org/fhir/tools/StructureDefinition/resource-information">
        <valueString value="ValueSet"/>
      </extension>
      <reference>
        <reference value="ValueSet/pupi-testing-active-substances"/>
      </reference>
      <name value="Pupil Testing Active Substances"/>
      <description value="This ValueSet contains codes to represent active substances used in pharmacological testing during pupil diameter measurements."/>
    </resource>
    <resource>
      <extension url="http://hl7.org/fhir/tools/StructureDefinition/resource-information">
        <valueString value="ValueSet"/>
      </extension>
      <reference>
        <reference value="ValueSet/right-left-eyes"/>
      </reference>
      <name value="ValueSet-right-left-eyes"/>
      <description value="ValueSet containing laterality codes for ophthalmic observations which should only contain information on either the right or left eye, not both"/>
    </resource>
    <page>
      <extension url="http://hl7.org/fhir/tools/StructureDefinition/ig-page-name">
        <valueUrl value="toc.html"/>
      </extension>
      <nameUrl value="toc.html"/>
      <title value="Table of Contents"/>
      <generation value="html"/>
      <page>
        <extension url="http://hl7.org/fhir/tools/StructureDefinition/ig-page-name">
          <valueUrl value="index.html"/>
        </extension>
        <nameUrl value="index.html"/>
        <title value="Home Page"/>
        <generation value="markdown"/>
      </page>
      <page>
        <extension url="http://hl7.org/fhir/tools/StructureDefinition/ig-page-name">
          <valueUrl value="patient_journey.html"/>
        </extension>
        <nameUrl value="patient_journey.html"/>
        <title value="Patient Journey Use Case"/>
        <generation value="markdown"/>
      </page>
      <page>
        <extension url="http://hl7.org/fhir/tools/StructureDefinition/ig-page-name">
          <valueUrl value="physician_tools.html"/>
        </extension>
        <nameUrl value="physician_tools.html"/>
        <title value="Physician Tools Use Case"/>
        <generation value="markdown"/>
      </page>
      <page>
        <extension url="http://hl7.org/fhir/tools/StructureDefinition/ig-page-name">
          <valueUrl value="registry.html"/>
        </extension>
        <nameUrl value="registry.html"/>
        <title value="Registry Use Case"/>
        <generation value="markdown"/>
      </page>
      <page>
        <extension url="http://hl7.org/fhir/tools/StructureDefinition/ig-page-name">
          <valueUrl value="life_science.html"/>
        </extension>
        <nameUrl value="life_science.html"/>
        <title value="Life Science Use Case"/>
        <generation value="markdown"/>
      </page>
      <page>
        <extension url="http://hl7.org/fhir/tools/StructureDefinition/ig-page-name">
          <valueUrl value="clinic_optimisation.html"/>
        </extension>
        <nameUrl value="clinic_optimisation.html"/>
        <title value="Clinic Optimisation Use Case"/>
        <generation value="markdown"/>
      </page>
      <page>
        <extension url="http://hl7.org/fhir/tools/StructureDefinition/ig-page-name">
          <valueUrl value="profiles.html"/>
        </extension>
        <nameUrl value="profiles.html"/>
        <title value="Profiles"/>
        <generation value="markdown"/>
      </page>
      <page>
        <extension url="http://hl7.org/fhir/tools/StructureDefinition/ig-page-name">
          <valueUrl value="usecases.html"/>
        </extension>
        <nameUrl value="usecases.html"/>
        <title value="Use Cases"/>
        <generation value="markdown"/>
      </page>
      <page>
        <extension url="http://hl7.org/fhir/tools/StructureDefinition/ig-page-name">
          <valueUrl value="guidance.html"/>
        </extension>
        <nameUrl value="guidance.html"/>
        <title value="Guidance"/>
        <generation value="markdown"/>
      </page>
      <page>
        <extension url="http://hl7.org/fhir/tools/StructureDefinition/ig-page-name">
          <valueUrl value="terminology.html"/>
        </extension>
        <nameUrl value="terminology.html"/>
        <title value="Terminology"/>
        <generation value="markdown"/>
      </page>
      <page>
        <extension url="http://hl7.org/fhir/tools/StructureDefinition/ig-page-name">
          <valueUrl value="contributors.html"/>
        </extension>
        <nameUrl value="contributors.html"/>
        <title value="Contributors"/>
        <generation value="markdown"/>
      </page>
      <page>
        <extension url="http://hl7.org/fhir/tools/StructureDefinition/ig-page-name">
          <valueUrl value="downloads.html"/>
        </extension>
        <nameUrl value="downloads.html"/>
        <title value="Useful Downloads"/>
        <generation value="html"/>
      </page>
      <page>
        <extension url="http://hl7.org/fhir/tools/StructureDefinition/ig-page-name">
          <valueUrl value="changes.html"/>
        </extension>
        <nameUrl value="changes.html"/>
        <title value="IG Change History"/>
        <generation value="html"/>
      </page>
    </page>
    <parameter>
      <code value="path-resource"/>
      <value value="input/capabilities"/>
    </parameter>
    <parameter>
      <code value="path-resource"/>
      <value value="input/examples"/>
    </parameter>
    <parameter>
      <code value="path-resource"/>
      <value value="input/extensions"/>
    </parameter>
    <parameter>
      <code value="path-resource"/>
      <value value="input/models"/>
    </parameter>
    <parameter>
      <code value="path-resource"/>
      <value value="input/operations"/>
    </parameter>
    <parameter>
      <code value="path-resource"/>
      <value value="input/profiles"/>
    </parameter>
    <parameter>
      <code value="path-resource"/>
      <value value="input/resources"/>
    </parameter>
    <parameter>
      <code value="path-resource"/>
      <value value="input/vocabulary"/>
    </parameter>
    <parameter>
      <code value="path-resource"/>
      <value value="input/maps"/>
    </parameter>
    <parameter>
      <code value="path-resource"/>
      <value value="input/testing"/>
    </parameter>
    <parameter>
      <code value="path-resource"/>
      <value value="input/history"/>
    </parameter>
    <parameter>
      <code value="path-resource"/>
      <value value="fsh-generated/resources"/>
    </parameter>
    <parameter>
      <code value="path-pages"/>
      <value value="template/config"/>
    </parameter>
    <parameter>
      <code value="path-pages"/>
      <value value="input/images"/>
    </parameter>
    <parameter>
      <code value="path-tx-cache"/>
      <value value="input-cache/txcache"/>
    </parameter>
  </definition>
</ImplementationGuide>