<?xml version="1.0" encoding="UTF-8"?>

<Observation xmlns="http://hl7.org/fhir">
  <id value="vf-pattern-standard-deviation-re-0"/>
  <meta>
    <profile value="http://hl7.org/fhir/uv/eyecare/StructureDefinition/observation-visual-field"/>
  </meta>
  <text>
    <status value="generated"/><div xmlns="http://www.w3.org/1999/xhtml"><p class="res-header-id"><b>Generated Narrative: Observation vf-pattern-standard-deviation-re-0</b></p><a name="vf-pattern-standard-deviation-re-0"> </a><a name="hcvf-pattern-standard-deviation-re-0"> </a><a name="vf-pattern-standard-deviation-re-0-en-US"> </a><p><b>status</b>: Final</p><p><b>category</b>: <span title="Codes:{http://terminology.hl7.org/CodeSystem/observation-category exam}">Exam</span></p><p><b>code</b>: <span title="Codes:{http://snomed.info/sct 421362004}">Pattern standard deviation</span></p><p><b>subject</b>: <a href="Patient-ophthal-patient-example-0.html">Eve Bill Female, DoB: 1958-12-24 ( Medical Record Number: 02134005)</a></p><p><b>effective</b>: 2013-06-27 17:04:20+0400</p><p><b>value</b>: 4.5 decibels</p><p><b>bodySite</b>: <span title="Codes:"></span></p><p><b>derivedFrom</b>: <a href="Media-visual-field-re-0.html">Media: status = completed</a></p></div>
  </text>
  <status value="final"/>
  <category>
    <coding>
      <system value="http://terminology.hl7.org/CodeSystem/observation-category"/>
      <code value="exam"/>
      <display value="Exam"/>
    </coding>
  </category>
  <code>
    <coding>
      <system value="http://snomed.info/sct"/>
      <code value="421362004"/>
      <display value="Pattern standard deviation"/>
    </coding>
  </code>
  <subject>
    <reference value="Patient/ophthal-patient-example-0"/>
  </subject>
  <effectiveDateTime value="2013-06-27T17:04:20+04:00"/>
  <valueQuantity>
    <value value="4.5"/>
    <unit value="decibels"/>
  </valueQuantity>
  <bodySite>
    <extension url="http://hl7.org/fhir/StructureDefinition/bodySite">
      <valueReference>
        <reference value="BodyStructure/bodystructure-right-eye"/>
      </valueReference>
    </extension>
  </bodySite>
  <derivedFrom>
    <reference value="Media/visual-field-re-0"/>
  </derivedFrom>
</Observation>