<?xml version="1.0" encoding="UTF-8"?>

<ValueSet xmlns="http://hl7.org/fhir">
  <id value="observation-visual-field"/>
  <text>
    <status value="generated"/><div xmlns="http://www.w3.org/1999/xhtml"><p class="res-header-id"><b>Generated Narrative: ValueSet observation-visual-field</b></p><a name="observation-visual-field"> </a><a name="hcobservation-visual-field"> </a><a name="observation-visual-field-en-US"> </a><p>This value set includes codes based on the following rules:</p><ul><li>Include these codes as defined in <a href="http://www.snomed.org/"><code>http://snomed.info/sct</code></a><table class="none"><tr><td style="white-space:nowrap"><b>Code</b></td><td><b>Display</b></td></tr><tr><td><a href="http://snomed.info/id/252129004">252129004</a></td><td style="color: #cccccc">Test duration</td></tr></table></li><li>Include codes from<a href="http://www.snomed.org/"><code>http://snomed.info/sct</code></a> where concept  descends from 73750009 (Visual field)</li><li>Include all codes defined in <code>http://terminology.hl7.org/uv/eyecare/CodeSystem/visual-field-observations</code></li></ul></div>
  </text>
  <url value="http://terminology.hl7.org/uv/eyecare/ValueSet/observation-visual-field"/>
  <version value="0.1.0"/>
  <name value="OphthalmologyVisualFieldObservableEntitiesValueSet"/>
  <title value="Visual Field Observable Entities ValueSet"/>
  <status value="active"/>
  <experimental value="true"/>
  <date value="2019-05-01"/>
  <publisher value="Lars Fuhrmann"/>
  <contact>
    <name value="Lars Fuhrmann"/>
    <telecom>
      <system value="url"/>
      <value value="https://larfuma.github.io/fhir-eyecare-ig/"/>
    </telecom>
    <telecom>
      <system value="email"/>
      <value value="fuhr.lars@gmail.com"/>
    </telecom>
  </contact>
  <description value="Visual field observation coding"/>
  <jurisdiction>
    <coding>
      <system value="http://unstats.un.org/unsd/methods/m49/m49.htm"/>
      <code value="276"/>
    </coding>
  </jurisdiction>
  <copyright value="This value set includes content from SNOMED CT, which is copyright © 2002+ International Health Terminology Standards Development Organisation (IHTSDO), and distributed by agreement between IHTSDO and HL7. Implementer use of SNOMED CT is not covered by this agreement"/>
  <compose>
    <include>
      <system value="http://snomed.info/sct"/>
      <concept>
        <code value="252129004"/>
      </concept>
    </include>
    <include>
      <system value="http://snomed.info/sct"/>
      <filter>
        <property value="concept"/>
        <op value="descendent-of"/>
        <value value="73750009"/>
      </filter>
    </include>
    <include>
      <system value="http://terminology.hl7.org/uv/eyecare/CodeSystem/visual-field-observations"/>
    </include>
  </compose>
</ValueSet>