<?xml version="1.0" encoding="UTF-8"?><ValueSet xmlns="http://hl7.org/fhir"><id value="iop-methods"/><text><status value="generated"/><div xmlns="http://www.w3.org/1999/xhtml"><p class="res-header-id"><b>Generated Narrative: ValueSet iop-methods</b></p><a name="iop-methods"> </a><a name="hciop-methods"> </a><a name="iop-methods-en-US"> </a><p>This value set includes codes based on the following rules:</p><ul><li>Include codes from<a href="http://www.snomed.org/"><code>http://snomed.info/sct</code></a> where concept  descends from 164729009 (Tonometry)</li><li>Include all codes defined in <a href="CodeSystem-iop-methods.html"><code>http://terminology.hl7.org/uv/eyecare/CodeSystem/iop-methods</code></a></li></ul></div></text><url value="http://terminology.hl7.org/uv/eyecare/ValueSet/iop-methods"/><version value="0.1.0"/><name value="OphthalmologyIOPMethods"/><title value="Intraocular pressure (IOP) method valueset"/><status value="active"/><experimental value="true"/><date value="2019-05-01"/><publisher value="Lars Fuhrmann"/><contact><name value="Lars Fuhrmann"/><telecom><system value="url"/><value value="https://larfuma.github.io/fhir-eyecare-ig/"/></telecom><telecom><system value="email"/><value value="fuhr.lars@gmail.com"/></telecom></contact><description value="Describes the various methods of capturing IOP that relate to the IOP Observation profile"/><jurisdiction><coding><system value="http://unstats.un.org/unsd/methods/m49/m49.htm"/><code value="276"/></coding></jurisdiction><copyright value="This value set includes content from SNOMED CT, which is copyright © 2002+ International Health Terminology Standards Development Organisation (IHTSDO), and distributed by agreement between IHTSDO and HL7. Implementer use of SNOMED CT is not covered by this agreement"/><compose><include><system value="http://snomed.info/sct"/><filter><property value="concept"/><op value="descendent-of"/><value value="164729009"/></filter></include><include><system value="http://terminology.hl7.org/uv/eyecare/CodeSystem/iop-methods"/></include></compose></ValueSet>