<?xml version="1.0" encoding="UTF-8"?><ValueSet xmlns="http://hl7.org/fhir"><id value="optotypes"/><text><status value="generated"/><div xmlns="http://www.w3.org/1999/xhtml"><p class="res-header-id"><b>Generated Narrative: ValueSet optotypes</b></p><a name="optotypes"> </a><a name="hcoptotypes"> </a><a name="optotypes-en-US"> </a><p>This value set includes codes based on the following rules:</p><ul><li>Include these codes as defined in <code>https://larfuma.github.io/fhir-eyecare-ig/CodeSystem-custom-Codes-to-be-submitted-to-SNOMED-or-LOINC</code><table class="none"><tr><td style="white-space:nowrap"><b>Code</b></td><td><b>Display</b></td></tr><tr><td>Landolt C</td><td>Landolt C</td></tr><tr><td>Sjogren's Hand Test</td><td>Sjogren's Hand Test</td></tr><tr><td>Lea Symbol Test</td><td>Lea Symbol Test</td></tr></table></li><li>Include these codes as defined in <a href="http://www.snomed.org/"><code>http://snomed.info/sct</code></a><table class="none"><tr><td style="white-space:nowrap"><b>Code</b></td><td><b>Display</b></td></tr><tr><td><a href="http://snomed.info/id/1220561009">1220561009</a></td><td>Not recorded</td></tr><tr><td><a href="http://snomed.info/id/261665006">261665006</a></td><td>Unknown</td></tr><tr><td><a href="http://snomed.info/id/400911007">400911007</a></td><td>E test</td></tr><tr><td><a href="http://snomed.info/id/252982005">252982005</a></td><td>Kay picture test</td></tr><tr><td><a href="http://snomed.info/id/252977003">252977003</a></td><td>Cambridge crowded letter charts</td></tr><tr><td><a href="http://snomed.info/id/252976007">252976007</a></td><td>Sonsken charts</td></tr><tr><td><a href="http://snomed.info/id/252978008">252978008</a></td><td>Sheridan Gardiner test (procedure)</td></tr><tr><td><a href="http://snomed.info/id/252884005">252884005</a></td><td>Stycar vision test</td></tr><tr><td><a href="http://snomed.info/id/285805006">285805006</a></td><td>Cardiff acuity cards (procedure)</td></tr><tr><td><a href="http://snomed.info/id/285803004">285803004</a></td><td>Teller acuity cards</td></tr><tr><td><a href="http://snomed.info/id/285804005">285804005</a></td><td>Keeler acuity cards</td></tr><tr><td><a href="http://snomed.info/id/400914004">400914004</a></td><td>Early Treatment of Diabetic Retinopathy Study visual acuity chart (physical object)</td></tr></table></li><li>Include these codes as defined in <a href="http://loinc.org"><code>http://loinc.org</code></a><table class="none"><tr><td style="white-space:nowrap"><b>Code</b></td><td><b>Display</b></td></tr><tr><td><a href="https://loinc.org/LA25494-8/">LA25494-8</a></td><td>Teller</td></tr><tr><td><a href="https://loinc.org/LA25495-5/">LA25495-5</a></td><td>Allen figure</td></tr><tr><td><a href="https://loinc.org/LA25496-3/">LA25496-3</a></td><td>HOTV</td></tr><tr><td><a href="https://loinc.org/LA25497-1/">LA25497-1</a></td><td>Numbers</td></tr><tr><td><a href="https://loinc.org/LA25498-9/">LA25498-9</a></td><td>Snellen</td></tr></table></li></ul></div></text><url value="https://larfuma.github.io/fhir-eyecare-ig/ValueSet-optotypes"/><version value="0.1.0"/><name value="Optotypes"/><title value="Optotype ValueSet"/><status value="draft"/><experimental value="true"/><date value="2024-12-31T12:44:09+00:00"/><publisher value="Lars Fuhrmann"/><contact><name value="Lars Fuhrmann"/><telecom><system value="url"/><value value="https://larfuma.github.io/fhir-eyecare-ig/"/></telecom><telecom><system value="email"/><value value="fuhr.lars@gmail.com"/></telecom></contact><description value="A ValueSet that includes codes representing optotype used during visual acuity testing."/><jurisdiction><coding><system value="http://unstats.un.org/unsd/methods/m49/m49.htm"/><code value="276"/></coding></jurisdiction><compose><include><system value="https://larfuma.github.io/fhir-eyecare-ig/CodeSystem-custom-Codes-to-be-submitted-to-SNOMED-or-LOINC"/><concept><code value="Landolt C"/><display value="Landolt C"/></concept><concept><code value="Sjogren's Hand Test"/><display value="Sjogren's Hand Test"/></concept><concept><code value="Lea Symbol Test"/><display value="Lea Symbol Test"/></concept></include><include><system value="http://snomed.info/sct"/><concept><code value="1220561009"/><display value="Not recorded"/></concept><concept><code value="261665006"/><display value="Unknown"/></concept><concept><code value="400911007"/><display value="E test"/></concept><concept><code value="252982005"/><display value="Kay picture test"/></concept><concept><code value="252977003"/><display value="Cambridge crowded letter charts"/></concept><concept><code value="252976007"/><display value="Sonsken charts"/></concept><concept><code value="252978008"/><display value="Sheridan Gardiner test (procedure)"/></concept><concept><code value="252884005"/><display value="Stycar vision test"/></concept><concept><code value="285805006"/><display value="Cardiff acuity cards (procedure)"/></concept><concept><code value="285803004"/><display value="Teller acuity cards"/></concept><concept><code value="285804005"/><display value="Keeler acuity cards"/></concept><concept><code value="400914004"/><display value="Early Treatment of Diabetic Retinopathy Study visual acuity chart (physical object)"/></concept></include><include><system value="http://loinc.org"/><concept><code value="LA25494-8"/><display value="Teller"/></concept><concept><code value="LA25495-5"/><display value="Allen figure"/></concept><concept><code value="LA25496-3"/><display value="HOTV"/></concept><concept><code value="LA25497-1"/><display value="Numbers"/></concept><concept><code value="LA25498-9"/><display value="Snellen"/></concept></include></compose></ValueSet>