<?xml version="1.0" encoding="UTF-8"?><ValueSet xmlns="http://hl7.org/fhir"><id value="pinhole-occluder-usage"/><text><status value="generated"/><div xmlns="http://www.w3.org/1999/xhtml"><p class="res-header-id"><b>Generated Narrative: ValueSet pinhole-occluder-usage</b></p><a name="pinhole-occluder-usage"> </a><a name="hcpinhole-occluder-usage"> </a><a name="pinhole-occluder-usage-en-US"> </a><ul><li>Include these codes as defined in <a href="http://www.snomed.org/"><code>http://snomed.info/sct</code></a><table class="none"><tr><td style="white-space:nowrap"><b>Code</b></td><td><b>Display</b></td></tr><tr><td><a href="http://snomed.info/id/373066001">373066001</a></td><td>Yes</td></tr><tr><td><a href="http://snomed.info/id/373067005">373067005</a></td><td>No</td></tr><tr><td><a href="http://snomed.info/id/1220561009">1220561009</a></td><td>Not recorded</td></tr><tr><td><a href="http://snomed.info/id/261665006">261665006</a></td><td>Unknown</td></tr></table></li></ul></div></text><url value="https://larfuma.github.io/fhir-eyecare-ig/ValueSet-pinhole-occluder-usage.html"/><version value="0.1.0"/><name value="PinholeOccluderUsage"/><title value="Pinhole Occluder Usage Values"/><status value="draft"/><experimental value="true"/><date value="2024-12-31T12:44:09+00:00"/><publisher value="Lars Fuhrmann"/><contact><name value="Lars Fuhrmann"/><telecom><system value="url"/><value value="https://larfuma.github.io/fhir-eyecare-ig/"/></telecom><telecom><system value="email"/><value value="fuhr.lars@gmail.com"/></telecom></contact><description value="This ValueSet contains SNOMED CT codes to represent whether a pinhole occluder was used during a visual acuity measurement."/><jurisdiction><coding><system value="http://unstats.un.org/unsd/methods/m49/m49.htm"/><code value="276"/></coding></jurisdiction><copyright value="This artefact includes content from SNOMED Clinical Terms® (SNOMED CT®) which is copyright of the International Health Terminology Standards Development Organisation (IHTSDO). Implementers of these artefacts must have the appropriate SNOMED CT Affiliate license."/><compose><include><system value="http://snomed.info/sct"/><concept><code value="373066001"/><display value="Yes"/></concept><concept><code value="373067005"/><display value="No"/></concept><concept><code value="1220561009"/><display value="Not recorded"/></concept><concept><code value="261665006"/><display value="Unknown"/></concept></include></compose></ValueSet>