<?xml version="1.0" encoding="UTF-8"?>

<Observation xmlns="http://hl7.org/fhir">
  <id value="vf-false-positives-re-0"/>
  <meta>
    <profile value="http://hl7.org/fhir/uv/eyecare/StructureDefinition/observation-visual-field"/>
  </meta>
  <text>
    <status value="generated"/><div xmlns="http://www.w3.org/1999/xhtml"><p class="res-header-id"><b>Generated Narrative: Observation vf-false-positives-re-0</b></p><a name="vf-false-positives-re-0"> </a><a name="hcvf-false-positives-re-0"> </a><a name="vf-false-positives-re-0-en-US"> </a><p><b>status</b>: Final</p><p><b>category</b>: <span title="Codes:{http://terminology.hl7.org/CodeSystem/observation-category exam}">Exam</span></p><p><b>code</b>: <span title="Codes:{http://hl7.org/fhir/uv/eyecare/CodeSystem/visual-field-observations 400205}">False positive ratio</span></p><p><b>subject</b>: <a href="Patient-ophthal-patient-example-0.html">Eve Bill Female, DoB: 1958-12-24 ( Medical Record Number: 02134005)</a></p><p><b>effective</b>: 2013-06-27 17:04:20+0400</p><p><b>value</b>: 2/100</p><p><b>bodySite</b>: <span title="Codes:"></span></p><p><b>derivedFrom</b>: <a href="Media-visual-field-re-0.html">Media: status = completed</a></p></div>
  </text>
  <status value="final"/>
  <category>
    <coding>
      <system value="http://terminology.hl7.org/CodeSystem/observation-category"/>
      <code value="exam"/>
      <display value="Exam"/>
    </coding>
  </category>
  <code>
    <coding>
      <system value="http://hl7.org/fhir/uv/eyecare/CodeSystem/visual-field-observations"/>
      <code value="400205"/>
      <display value="False positive ratio"/>
    </coding>
  </code>
  <subject>
    <reference value="Patient/ophthal-patient-example-0"/>
  </subject>
  <effectiveDateTime value="2013-06-27T17:04:20+04:00"/>
  <valueRatio>
    <numerator>
      <value value="2"/>
    </numerator>
    <denominator>
      <value value="100"/>
    </denominator>
  </valueRatio>
  <bodySite>
    <extension url="http://hl7.org/fhir/StructureDefinition/bodySite">
      <valueReference>
        <reference value="BodyStructure/bodystructure-right-eye"/>
      </valueReference>
    </extension>
  </bodySite>
  <derivedFrom>
    <reference value="Media/visual-field-re-0"/>
  </derivedFrom>
</Observation>