{
  "resourceType" : "Observation",
  "id" : "pupil-comparison-4",
  "meta" : {
    "profile" : ["https://larfuma.github.io/fhir-eyecare-ig/StructureDefinition/pupil-comparison"]
  },
  "text" : {
    "status" : "generated",
    "div" : "<div xmlns=\"http://www.w3.org/1999/xhtml\"><p class=\"res-header-id\"><b>Generated Narrative: Observation pupil-comparison-4</b></p><a name=\"pupil-comparison-4\"> </a><a name=\"hcpupil-comparison-4\"> </a><a name=\"pupil-comparison-4-en-US\"> </a><p><b>status</b>: Final</p><p><b>code</b>: <span title=\"Codes:{https://larfuma.github.io/fhir-eyecare-ig/CodeSystem/custom-codes-to-be-submitted-to-SNOMED-or-LOINC comparison-of-pupil-diameter-between-eyes}\">Comparison of Pupil diameters</span></p><p><b>subject</b>: <a href=\"Patient/123\">Patient/123</a></p><p><b>effective</b>: 2023-11-17 10:40:00+0000</p><p><b>hasMember</b>: </p><ul><li><a href=\"Observation-pupil-diameter-right-eye-4.html\">Observation Pupil diameter</a></li><li><a href=\"Observation-pupil-diameter-left-eye-4.html\">Observation Pupil diameter</a></li></ul><blockquote><p><b>component</b></p><p><b>code</b>: <span title=\"Codes:{http://loinc.org LP429645-7}\">Room brightness level during testing</span></p><p><b>value</b>: <span title=\"Codes:{http://loinc.org LA32683-7}\">Dim</span></p></blockquote><blockquote><p><b>component</b></p><p><b>code</b>: <span title=\"Codes:{http://loinc.org 82757-5}\">Time since administration of medication</span></p><p><b>value</b>: 35 minutes<span style=\"background: LightGoldenRodYellow\"> (Details: UCUM  codemin = 'min')</span></p></blockquote><blockquote><p><b>component</b></p><p><b>code</b>: <span title=\"Codes:{http://snomed.info/sct 410942007}\">Drug or medicament (substance)</span></p><p><b>value</b>: <span title=\"Codes:{http://snomed.info/sct 372897005}\">Apraclonidine</span></p></blockquote></div>"
  },
  "status" : "final",
  "code" : {
    "coding" : [{
      "system" : "https://larfuma.github.io/fhir-eyecare-ig/CodeSystem/custom-codes-to-be-submitted-to-SNOMED-or-LOINC",
      "code" : "comparison-of-pupil-diameter-between-eyes",
      "display" : "Comparison of Pupil diameters"
    }]
  },
  "subject" : {
    "reference" : "Patient/123"
  },
  "effectiveDateTime" : "2023-11-17T10:40:00+00:00",
  "hasMember" : [{
    "reference" : "Observation/pupil-diameter-right-eye-4"
  },
  {
    "reference" : "Observation/pupil-diameter-left-eye-4"
  }],
  "component" : [{
    "code" : {
      "coding" : [{
        "system" : "http://loinc.org",
        "code" : "LP429645-7",
        "display" : "Room brightness level during testing"
      }]
    },
    "valueCodeableConcept" : {
      "coding" : [{
        "system" : "http://loinc.org",
        "code" : "LA32683-7",
        "display" : "Dim"
      }]
    }
  },
  {
    "code" : {
      "coding" : [{
        "system" : "http://loinc.org",
        "code" : "82757-5",
        "display" : "Time since administration of medication"
      }]
    },
    "valueQuantity" : {
      "value" : 35,
      "unit" : "minutes",
      "system" : "http://unitsofmeasure.org",
      "code" : "min"
    }
  },
  {
    "code" : {
      "coding" : [{
        "system" : "http://snomed.info/sct",
        "code" : "410942007",
        "display" : "Drug or medicament (substance)"
      }]
    },
    "valueCodeableConcept" : {
      "coding" : [{
        "system" : "http://snomed.info/sct",
        "code" : "372897005",
        "display" : "Apraclonidine"
      }]
    }
  }]
}