<?xml version="1.0" encoding="UTF-8"?>

<Observation xmlns="http://hl7.org/fhir">
  <id value="observation-refraction-le-0"/>
  <meta>
    <profile value="http://hl7.org/fhir/uv/eyecare/StructureDefinition/observation-base"/>
  </meta>
  <text>
    <status value="generated"/><div xmlns="http://www.w3.org/1999/xhtml"><p class="res-header-id"><b>Generated Narrative: Observation observation-refraction-le-0</b></p><a name="observation-refraction-le-0"> </a><a name="hcobservation-refraction-le-0"> </a><a name="observation-refraction-le-0-en-US"> </a><p><b>status</b>: Final</p><p><b>category</b>: <span title="Codes:{http://terminology.hl7.org/CodeSystem/observation-category exam}">Exam</span></p><p><b>code</b>: <span title="Codes:{http://snomed.info/sct 251794006}">Refraction</span></p><p><b>subject</b>: <a href="Patient-ophthal-patient-example-0.html">Eve Bill Female, DoB: 1958-12-24 ( Medical Record Number: 02134005)</a></p><p><b>effective</b>: 2013-06-27 17:04:20+0400</p><p><b>bodySite</b>: <span title="Codes:"></span></p><blockquote><p><b>component</b></p><p><b>code</b>: <span title="Codes:{http://snomed.info/sct 251795007}">Power of sphere</span></p><p><b>value</b>: -2.5 diopter</p></blockquote><blockquote><p><b>component</b></p><p><b>code</b>: <span title="Codes:{http://snomed.info/sct 251799001}">Axis of cylinder</span></p><p><b>value</b>: 75 degree</p></blockquote><blockquote><p><b>component</b></p><p><b>code</b>: <span title="Codes:{http://snomed.info/sct 251797004}">Power of cylinder</span></p><p><b>value</b>: 0.5 diopter</p></blockquote></div>
  </text>
  <status value="final"/>
  <category>
    <coding>
      <system value="http://terminology.hl7.org/CodeSystem/observation-category"/>
      <code value="exam"/>
      <display value="Exam"/>
    </coding>
  </category>
  <code>
    <coding>
      <system value="http://snomed.info/sct"/>
      <code value="251794006"/>
    </coding>
  </code>
  <subject>
    <reference value="Patient/ophthal-patient-example-0"/>
  </subject>
  <effectiveDateTime value="2013-06-27T17:04:20+04:00"/>
  <bodySite>
    <extension url="http://hl7.org/fhir/StructureDefinition/bodySite">
      <valueReference>
        <reference value="BodyStructure/bodystructure-left-eye"/>
      </valueReference>
    </extension>
  </bodySite>
  <component>
    <code>
      <coding>
        <system value="http://snomed.info/sct"/>
        <code value="251795007"/>
        <display value="Power of sphere"/>
      </coding>
    </code>
    <valueQuantity>
      <value value="-2.5"/>
      <unit value="diopter"/>
    </valueQuantity>
  </component>
  <component>
    <code>
      <coding>
        <system value="http://snomed.info/sct"/>
        <code value="251799001"/>
        <display value="Axis of cylinder"/>
      </coding>
    </code>
    <valueQuantity>
      <value value="75"/>
      <unit value="degree"/>
    </valueQuantity>
  </component>
  <component>
    <code>
      <coding>
        <system value="http://snomed.info/sct"/>
        <code value="251797004"/>
        <display value="Power of cylinder"/>
      </coding>
    </code>
    <valueQuantity>
      <value value="0.5"/>
      <unit value="diopter"/>
    </valueQuantity>
  </component>
</Observation>