{
  "resourceType" : "ValueSet",
  "id" : "room-brightness-levels",
  "text" : {
    "status" : "generated",
    "div" : "<div xmlns=\"http://www.w3.org/1999/xhtml\"><p class=\"res-header-id\"><b>Generated Narrative: ValueSet room-brightness-levels</b></p><a name=\"room-brightness-levels\"> </a><a name=\"hcroom-brightness-levels\"> </a><a name=\"room-brightness-levels-en-US\"> </a><p>This value set includes codes based on the following rules:</p><ul><li>Include these codes as defined in <a href=\"http://loinc.org\"><code>http://loinc.org</code></a><table class=\"none\"><tr><td style=\"white-space:nowrap\"><b>Code</b></td><td><b>Display</b></td></tr><tr><td><a href=\"https://loinc.org/LA25332-0/\">LA25332-0</a></td><td>Bright</td></tr><tr><td><a href=\"https://loinc.org/LA32683-7/\">LA32683-7</a></td><td>Dim</td></tr></table></li><li>Include these codes as defined in <a href=\"http://www.snomed.org/\"><code>http://snomed.info/sct</code></a><table class=\"none\"><tr><td style=\"white-space:nowrap\"><b>Code</b></td><td><b>Display</b></td></tr><tr><td><a href=\"http://snomed.info/id/255419005\">255419005</a></td><td>Dark</td></tr></table></li></ul></div>"
  },
  "url" : "https://larfuma.github.io/fhir-eyecare-ig/ValueSet-room-brightness-levels",
  "version" : "0.1.0",
  "name" : "RoomBrightnessLevels",
  "title" : "Room Brightness Levels",
  "status" : "draft",
  "experimental" : true,
  "date" : "2024-12-31T12:44:09+00:00",
  "publisher" : "Lars Fuhrmann",
  "contact" : [{
    "name" : "Lars Fuhrmann",
    "telecom" : [{
      "system" : "url",
      "value" : "https://larfuma.github.io/fhir-eyecare-ig/"
    },
    {
      "system" : "email",
      "value" : "fuhr.lars@gmail.com"
    }]
  }],
  "description" : "This ValueSet contains codes to represent the brightness of the room where a test was performed.",
  "jurisdiction" : [{
    "coding" : [{
      "system" : "http://unstats.un.org/unsd/methods/m49/m49.htm",
      "code" : "276"
    }]
  }],
  "copyright" : "This artefact includes content from SNOMED Clinical Terms® (SNOMED CT®) and LOINC® which are copyright of their respective owners. Implementers of these artefacts must have the appropriate licenses.",
  "compose" : {
    "include" : [{
      "system" : "http://loinc.org",
      "concept" : [{
        "code" : "LA25332-0",
        "display" : "Bright"
      },
      {
        "code" : "LA32683-7",
        "display" : "Dim"
      }]
    },
    {
      "system" : "http://snomed.info/sct",
      "concept" : [{
        "code" : "255419005",
        "display" : "Dark"
      }]
    }]
  }
}