{
  "resourceType" : "ValueSet",
  "id" : "observation-visual-acuity-methods",
  "text" : {
    "status" : "generated",
    "div" : "<div xmlns=\"http://www.w3.org/1999/xhtml\"><p class=\"res-header-id\"><b>Generated Narrative: ValueSet observation-visual-acuity-methods</b></p><a name=\"observation-visual-acuity-methods\"> </a><a name=\"hcobservation-visual-acuity-methods\"> </a><a name=\"observation-visual-acuity-methods-en-US\"> </a><ul><li>Include these codes as defined in <a href=\"http://www.snomed.org/\"><code>http://snomed.info/sct</code></a><table class=\"none\"><tr><td style=\"white-space:nowrap\"><b>Code</b></td><td><b>Display</b></td></tr><tr><td><a href=\"http://snomed.info/id/416307006\">416307006</a></td><td>Laser inferometer for potential acuity testing (physical object)</td></tr><tr><td><a href=\"http://snomed.info/id/418295001\">418295001</a></td><td>Near card (physical object)</td></tr><tr><td><a href=\"http://snomed.info/id/417283003\">417283003</a></td><td>Potential acuity meter (physical object)</td></tr><tr><td><a href=\"http://snomed.info/id/421763006\">421763006</a></td><td>Visual acuity chart (physical object)</td></tr><tr><td><a href=\"http://snomed.info/id/285802009\">285802009</a></td><td>Preferential looking test (procedure)</td></tr><tr><td><a href=\"http://snomed.info/id/73933001\">73933001</a></td><td>Optokinetic nystagmus test</td></tr><tr><td><a href=\"http://snomed.info/id/63107007\">63107007</a></td><td>Visual evoked potential study (procedure)</td></tr><tr><td><a href=\"http://snomed.info/id/74964007\">74964007</a></td><td>Other (qualifier value)</td></tr><tr><td><a href=\"http://snomed.info/id/227607007\">227607007</a></td><td>Candy (substance), refferring to Boeck's Candy Test</td></tr><tr><td><a href=\"http://snomed.info/id/400908006\">400908006</a></td><td>Central, steady, maintained visual acuity assessment (procedure)</td></tr></table></li></ul></div>"
  },
  "url" : "https://larfuma.github.io/fhir-eyecare-ig/ValueSet-observation-visual-acuity-methods",
  "version" : "0.1.0",
  "name" : "OphthalmologyVisualAcuityMethods",
  "title" : "Visual Acuity Measurement Methods valueset",
  "status" : "active",
  "experimental" : true,
  "date" : "2019-05-01",
  "publisher" : "Lars Fuhrmann",
  "contact" : [{
    "name" : "Lars Fuhrmann",
    "telecom" : [{
      "system" : "url",
      "value" : "https://larfuma.github.io/fhir-eyecare-ig/"
    },
    {
      "system" : "email",
      "value" : "fuhr.lars@gmail.com"
    }]
  }],
  "description" : "Describes the various charts that can be used to assess visual acuity where concept descends from 400912000 (Visual acuity test equipment (physical object))",
  "jurisdiction" : [{
    "coding" : [{
      "system" : "http://unstats.un.org/unsd/methods/m49/m49.htm",
      "code" : "276"
    }]
  }],
  "copyright" : "This value set includes content from SNOMED CT, which is copyright © 2002+ International Health Terminology Standards Development Organisation (IHTSDO), and distributed by agreement between IHTSDO and HL7. Implementer use of SNOMED CT is not covered by this agreement",
  "compose" : {
    "include" : [{
      "system" : "http://snomed.info/sct",
      "concept" : [{
        "code" : "416307006",
        "display" : "Laser inferometer for potential acuity testing (physical object)"
      },
      {
        "code" : "418295001",
        "display" : "Near card (physical object)"
      },
      {
        "code" : "417283003",
        "display" : "Potential acuity meter (physical object)"
      },
      {
        "code" : "421763006",
        "display" : "Visual acuity chart (physical object)"
      },
      {
        "code" : "285802009",
        "display" : "Preferential looking test (procedure)"
      },
      {
        "code" : "73933001",
        "display" : "Optokinetic nystagmus test"
      },
      {
        "code" : "63107007",
        "display" : "Visual evoked potential study (procedure)"
      },
      {
        "code" : "74964007",
        "display" : "Other (qualifier value)"
      },
      {
        "code" : "227607007",
        "display" : "Candy (substance), refferring to Boeck's Candy Test"
      },
      {
        "code" : "400908006",
        "display" : "Central, steady, maintained visual acuity assessment (procedure)"
      }]
    }]
  }
}