{"resourceType":"ImplementationGuide","id":"uv-eyecare","text":{"status":"generated","div":"<div xmlns=\"http://www.w3.org/1999/xhtml\"><p class=\"res-header-id\"><b>Generated Narrative: ImplementationGuide uv-eyecare</b></p><a name=\"uv-eyecare\"> </a><a name=\"hcuv-eyecare\"> </a><a name=\"uv-eyecare-en-US\"> </a><h2>OphthalmologyImplementationGuide</h2><p>The official URL for this implementation guide is: </p><pre>https://larfuma.github.io/fhir-eyecare-ig</pre><div><p>My attempts at continuing on the development of a Ophtalmologiy Implementation Guide. IMPORTANT: At the moment this IG mostly a fork of the 'Eyes on FHIR' working groups STU 1 Ballot version published here: https://hl7.org/fhir/uv/eyecare/2021Sep/index.html , with minor modifications</p>\n</div></div>"},"url":"https://larfuma.github.io/fhir-eyecare-ig","version":"0.1.0","name":"OphthalmologyImplementationGuide","title":"Eyes back on FHIR? An experimental continuation of the Eyes on FHIR working group's HL7 FHIR® IG","status":"draft","experimental":true,"date":"2024-12-31T12:44:09+00:00","publisher":"Lars Fuhrmann","contact":[{"name":"Lars Fuhrmann","telecom":[{"system":"url","value":"https://larfuma.github.io/fhir-eyecare-ig/"},{"system":"email","value":"fuhr.lars@gmail.com"}]}],"description":"My attempts at continuing on the development of a Ophtalmologiy Implementation Guide. IMPORTANT: At the moment this IG mostly a fork of the 'Eyes on FHIR' working groups STU 1 Ballot version published here: https://hl7.org/fhir/uv/eyecare/2021Sep/index.html , with minor modifications","jurisdiction":[{"coding":[{"system":"http://unstats.un.org/unsd/methods/m49/m49.htm","code":"276"}]}],"packageId":"eyes.back.on.FHIR","license":"CC0-1.0","fhirVersion":["4.0.1"],"dependsOn":[{"id":"hl7tx","extension":[{"url":"http://hl7.org/fhir/tools/StructureDefinition/implementationguide-dependency-comment","valueMarkdown":"Automatically added as a dependency - all IGs depend on HL7 Terminology"}],"uri":"http://terminology.hl7.org/ImplementationGuide/hl7.terminology","packageId":"hl7.terminology.r4","version":"6.1.0"},{"id":"hl7ext","extension":[{"url":"http://hl7.org/fhir/tools/StructureDefinition/implementationguide-dependency-comment","valueMarkdown":"Automatically added as a dependency - all IGs depend on the HL7 Extension Pack"}],"uri":"http://hl7.org/fhir/extensions/ImplementationGuide/hl7.fhir.uv.extensions","packageId":"hl7.fhir.uv.extensions.r4","version":"5.1.0"}],"definition":{"extension":[{"extension":[{"url":"code","valueString":"copyrightyear"},{"url":"value","valueString":"2024"}],"url":"http://hl7.org/fhir/tools/StructureDefinition/ig-parameter"},{"extension":[{"url":"code","valueString":"releaselabel"},{"url":"value","valueString":"experimental"}],"url":"http://hl7.org/fhir/tools/StructureDefinition/ig-parameter"},{"extension":[{"url":"code","valueString":"jira-code"},{"url":"value","valueString":"uv-eyecare"}],"url":"http://hl7.org/fhir/tools/StructureDefinition/ig-parameter"},{"extension":[{"url":"code","valueString":"autoload-resources"},{"url":"value","valueString":"true"}],"url":"http://hl7.org/fhir/tools/StructureDefinition/ig-parameter"},{"extension":[{"url":"code","valueString":"path-liquid"},{"url":"value","valueString":"template/liquid"}],"url":"http://hl7.org/fhir/tools/StructureDefinition/ig-parameter"},{"extension":[{"url":"code","valueString":"path-liquid"},{"url":"value","valueString":"input/liquid"}],"url":"http://hl7.org/fhir/tools/StructureDefinition/ig-parameter"},{"extension":[{"url":"code","valueString":"path-qa"},{"url":"value","valueString":"temp/qa"}],"url":"http://hl7.org/fhir/tools/StructureDefinition/ig-parameter"},{"extension":[{"url":"code","valueString":"path-temp"},{"url":"value","valueString":"temp/pages"}],"url":"http://hl7.org/fhir/tools/StructureDefinition/ig-parameter"},{"extension":[{"url":"code","valueString":"path-output"},{"url":"value","valueString":"output"}],"url":"http://hl7.org/fhir/tools/StructureDefinition/ig-parameter"},{"extension":[{"url":"code","valueString":"path-suppressed-warnings"},{"url":"value","valueString":"input/ignoreWarnings.txt"}],"url":"http://hl7.org/fhir/tools/StructureDefinition/ig-parameter"},{"extension":[{"url":"code","valueString":"path-history"},{"url":"value","valueString":"history.html"}],"url":"http://hl7.org/fhir/tools/StructureDefinition/ig-parameter"},{"extension":[{"url":"code","valueString":"template-html"},{"url":"value","valueString":"template-page.html"}],"url":"http://hl7.org/fhir/tools/StructureDefinition/ig-parameter"},{"extension":[{"url":"code","valueString":"template-md"},{"url":"value","valueString":"template-page-md.html"}],"url":"http://hl7.org/fhir/tools/StructureDefinition/ig-parameter"},{"extension":[{"url":"code","valueString":"apply-contact"},{"url":"value","valueString":"true"}],"url":"http://hl7.org/fhir/tools/StructureDefinition/ig-parameter"},{"extension":[{"url":"code","valueString":"apply-context"},{"url":"value","valueString":"true"}],"url":"http://hl7.org/fhir/tools/StructureDefinition/ig-parameter"},{"extension":[{"url":"code","valueString":"apply-copyright"},{"url":"value","valueString":"true"}],"url":"http://hl7.org/fhir/tools/StructureDefinition/ig-parameter"},{"extension":[{"url":"code","valueString":"apply-jurisdiction"},{"url":"value","valueString":"true"}],"url":"http://hl7.org/fhir/tools/StructureDefinition/ig-parameter"},{"extension":[{"url":"code","valueString":"apply-license"},{"url":"value","valueString":"true"}],"url":"http://hl7.org/fhir/tools/StructureDefinition/ig-parameter"},{"extension":[{"url":"code","valueString":"apply-publisher"},{"url":"value","valueString":"true"}],"url":"http://hl7.org/fhir/tools/StructureDefinition/ig-parameter"},{"extension":[{"url":"code","valueString":"apply-version"},{"url":"value","valueString":"true"}],"url":"http://hl7.org/fhir/tools/StructureDefinition/ig-parameter"},{"extension":[{"url":"code","valueString":"apply-wg"},{"url":"value","valueString":"true"}],"url":"http://hl7.org/fhir/tools/StructureDefinition/ig-parameter"},{"extension":[{"url":"code","valueString":"active-tables"},{"url":"value","valueString":"true"}],"url":"http://hl7.org/fhir/tools/StructureDefinition/ig-parameter"},{"extension":[{"url":"code","valueString":"fmm-definition"},{"url":"value","valueString":"http://hl7.org/fhir/versions.html#maturity"}],"url":"http://hl7.org/fhir/tools/StructureDefinition/ig-parameter"},{"extension":[{"url":"code","valueString":"propagate-status"},{"url":"value","valueString":"true"}],"url":"http://hl7.org/fhir/tools/StructureDefinition/ig-parameter"},{"extension":[{"url":"code","valueString":"excludelogbinaryformat"},{"url":"value","valueString":"true"}],"url":"http://hl7.org/fhir/tools/StructureDefinition/ig-parameter"},{"extension":[{"url":"code","valueString":"tabbed-snapshots"},{"url":"value","valueString":"true"}],"url":"http://hl7.org/fhir/tools/StructureDefinition/ig-parameter"},{"url":"http://hl7.org/fhir/tools/StructureDefinition/ig-internal-dependency","valueCode":"hl7.fhir.uv.tools.r4#0.3.0"},{"extension":[{"url":"code","valueCode":"copyrightyear"},{"url":"value","valueString":"2024"}],"url":"http://hl7.org/fhir/tools/StructureDefinition/ig-parameter"},{"extension":[{"url":"code","valueCode":"releaselabel"},{"url":"value","valueString":"experimental"}],"url":"http://hl7.org/fhir/tools/StructureDefinition/ig-parameter"},{"extension":[{"url":"code","valueCode":"jira-code"},{"url":"value","valueString":"uv-eyecare"}],"url":"http://hl7.org/fhir/tools/StructureDefinition/ig-parameter"},{"extension":[{"url":"code","valueCode":"autoload-resources"},{"url":"value","valueString":"true"}],"url":"http://hl7.org/fhir/tools/StructureDefinition/ig-parameter"},{"extension":[{"url":"code","valueCode":"path-liquid"},{"url":"value","valueString":"template/liquid"}],"url":"http://hl7.org/fhir/tools/StructureDefinition/ig-parameter"},{"extension":[{"url":"code","valueCode":"path-liquid"},{"url":"value","valueString":"input/liquid"}],"url":"http://hl7.org/fhir/tools/StructureDefinition/ig-parameter"},{"extension":[{"url":"code","valueCode":"path-qa"},{"url":"value","valueString":"temp/qa"}],"url":"http://hl7.org/fhir/tools/StructureDefinition/ig-parameter"},{"extension":[{"url":"code","valueCode":"path-temp"},{"url":"value","valueString":"temp/pages"}],"url":"http://hl7.org/fhir/tools/StructureDefinition/ig-parameter"},{"extension":[{"url":"code","valueCode":"path-output"},{"url":"value","valueString":"output"}],"url":"http://hl7.org/fhir/tools/StructureDefinition/ig-parameter"},{"extension":[{"url":"code","valueCode":"path-suppressed-warnings"},{"url":"value","valueString":"input/ignoreWarnings.txt"}],"url":"http://hl7.org/fhir/tools/StructureDefinition/ig-parameter"},{"extension":[{"url":"code","valueCode":"path-history"},{"url":"value","valueString":"history.html"}],"url":"http://hl7.org/fhir/tools/StructureDefinition/ig-parameter"},{"extension":[{"url":"code","valueCode":"template-html"},{"url":"value","valueString":"template-page.html"}],"url":"http://hl7.org/fhir/tools/StructureDefinition/ig-parameter"},{"extension":[{"url":"code","valueCode":"template-md"},{"url":"value","valueString":"template-page-md.html"}],"url":"http://hl7.org/fhir/tools/StructureDefinition/ig-parameter"},{"extension":[{"url":"code","valueCode":"apply-contact"},{"url":"value","valueString":"true"}],"url":"http://hl7.org/fhir/tools/StructureDefinition/ig-parameter"},{"extension":[{"url":"code","valueCode":"apply-context"},{"url":"value","valueString":"true"}],"url":"http://hl7.org/fhir/tools/StructureDefinition/ig-parameter"},{"extension":[{"url":"code","valueCode":"apply-copyright"},{"url":"value","valueString":"true"}],"url":"http://hl7.org/fhir/tools/StructureDefinition/ig-parameter"},{"extension":[{"url":"code","valueCode":"apply-jurisdiction"},{"url":"value","valueString":"true"}],"url":"http://hl7.org/fhir/tools/StructureDefinition/ig-parameter"},{"extension":[{"url":"code","valueCode":"apply-license"},{"url":"value","valueString":"true"}],"url":"http://hl7.org/fhir/tools/StructureDefinition/ig-parameter"},{"extension":[{"url":"code","valueCode":"apply-publisher"},{"url":"value","valueString":"true"}],"url":"http://hl7.org/fhir/tools/StructureDefinition/ig-parameter"},{"extension":[{"url":"code","valueCode":"apply-version"},{"url":"value","valueString":"true"}],"url":"http://hl7.org/fhir/tools/StructureDefinition/ig-parameter"},{"extension":[{"url":"code","valueCode":"apply-wg"},{"url":"value","valueString":"true"}],"url":"http://hl7.org/fhir/tools/StructureDefinition/ig-parameter"},{"extension":[{"url":"code","valueCode":"active-tables"},{"url":"value","valueString":"true"}],"url":"http://hl7.org/fhir/tools/StructureDefinition/ig-parameter"},{"extension":[{"url":"code","valueCode":"fmm-definition"},{"url":"value","valueString":"http://hl7.org/fhir/versions.html#maturity"}],"url":"http://hl7.org/fhir/tools/StructureDefinition/ig-parameter"},{"extension":[{"url":"code","valueCode":"propagate-status"},{"url":"value","valueString":"true"}],"url":"http://hl7.org/fhir/tools/StructureDefinition/ig-parameter"},{"extension":[{"url":"code","valueCode":"excludelogbinaryformat"},{"url":"value","valueString":"true"}],"url":"http://hl7.org/fhir/tools/StructureDefinition/ig-parameter"},{"extension":[{"url":"code","valueCode":"tabbed-snapshots"},{"url":"value","valueString":"true"}],"url":"http://hl7.org/fhir/tools/StructureDefinition/ig-parameter"},{"extension":[{"url":"code","valueCode":"copyrightyear"},{"url":"value","valueString":"2024"}],"url":"http://hl7.org/fhir/tools/StructureDefinition/ig-parameter"},{"extension":[{"url":"code","valueCode":"releaselabel"},{"url":"value","valueString":"experimental"}],"url":"http://hl7.org/fhir/tools/StructureDefinition/ig-parameter"},{"extension":[{"url":"code","valueCode":"jira-code"},{"url":"value","valueString":"uv-eyecare"}],"url":"http://hl7.org/fhir/tools/StructureDefinition/ig-parameter"},{"extension":[{"url":"code","valueCode":"autoload-resources"},{"url":"value","valueString":"true"}],"url":"http://hl7.org/fhir/tools/StructureDefinition/ig-parameter"},{"extension":[{"url":"code","valueCode":"path-liquid"},{"url":"value","valueString":"template/liquid"}],"url":"http://hl7.org/fhir/tools/StructureDefinition/ig-parameter"},{"extension":[{"url":"code","valueCode":"path-liquid"},{"url":"value","valueString":"input/liquid"}],"url":"http://hl7.org/fhir/tools/StructureDefinition/ig-parameter"},{"extension":[{"url":"code","valueCode":"path-qa"},{"url":"value","valueString":"temp/qa"}],"url":"http://hl7.org/fhir/tools/StructureDefinition/ig-parameter"},{"extension":[{"url":"code","valueCode":"path-temp"},{"url":"value","valueString":"temp/pages"}],"url":"http://hl7.org/fhir/tools/StructureDefinition/ig-parameter"},{"extension":[{"url":"code","valueCode":"path-output"},{"url":"value","valueString":"output"}],"url":"http://hl7.org/fhir/tools/StructureDefinition/ig-parameter"},{"extension":[{"url":"code","valueCode":"path-suppressed-warnings"},{"url":"value","valueString":"input/ignoreWarnings.txt"}],"url":"http://hl7.org/fhir/tools/StructureDefinition/ig-parameter"},{"extension":[{"url":"code","valueCode":"path-history"},{"url":"value","valueString":"history.html"}],"url":"http://hl7.org/fhir/tools/StructureDefinition/ig-parameter"},{"extension":[{"url":"code","valueCode":"template-html"},{"url":"value","valueString":"template-page.html"}],"url":"http://hl7.org/fhir/tools/StructureDefinition/ig-parameter"},{"extension":[{"url":"code","valueCode":"template-md"},{"url":"value","valueString":"template-page-md.html"}],"url":"http://hl7.org/fhir/tools/StructureDefinition/ig-parameter"},{"extension":[{"url":"code","valueCode":"apply-contact"},{"url":"value","valueString":"true"}],"url":"http://hl7.org/fhir/tools/StructureDefinition/ig-parameter"},{"extension":[{"url":"code","valueCode":"apply-context"},{"url":"value","valueString":"true"}],"url":"http://hl7.org/fhir/tools/StructureDefinition/ig-parameter"},{"extension":[{"url":"code","valueCode":"apply-copyright"},{"url":"value","valueString":"true"}],"url":"http://hl7.org/fhir/tools/StructureDefinition/ig-parameter"},{"extension":[{"url":"code","valueCode":"apply-jurisdiction"},{"url":"value","valueString":"true"}],"url":"http://hl7.org/fhir/tools/StructureDefinition/ig-parameter"},{"extension":[{"url":"code","valueCode":"apply-license"},{"url":"value","valueString":"true"}],"url":"http://hl7.org/fhir/tools/StructureDefinition/ig-parameter"},{"extension":[{"url":"code","valueCode":"apply-publisher"},{"url":"value","valueString":"true"}],"url":"http://hl7.org/fhir/tools/StructureDefinition/ig-parameter"},{"extension":[{"url":"code","valueCode":"apply-version"},{"url":"value","valueString":"true"}],"url":"http://hl7.org/fhir/tools/StructureDefinition/ig-parameter"},{"extension":[{"url":"code","valueCode":"apply-wg"},{"url":"value","valueString":"true"}],"url":"http://hl7.org/fhir/tools/StructureDefinition/ig-parameter"},{"extension":[{"url":"code","valueCode":"active-tables"},{"url":"value","valueString":"true"}],"url":"http://hl7.org/fhir/tools/StructureDefinition/ig-parameter"},{"extension":[{"url":"code","valueCode":"fmm-definition"},{"url":"value","valueString":"http://hl7.org/fhir/versions.html#maturity"}],"url":"http://hl7.org/fhir/tools/StructureDefinition/ig-parameter"},{"extension":[{"url":"code","valueCode":"propagate-status"},{"url":"value","valueString":"true"}],"url":"http://hl7.org/fhir/tools/StructureDefinition/ig-parameter"},{"extension":[{"url":"code","valueCode":"excludelogbinaryformat"},{"url":"value","valueString":"true"}],"url":"http://hl7.org/fhir/tools/StructureDefinition/ig-parameter"},{"extension":[{"url":"code","valueCode":"tabbed-snapshots"},{"url":"value","valueString":"true"}],"url":"http://hl7.org/fhir/tools/StructureDefinition/ig-parameter"}],"grouping":[{"id":"-str-profile","name":"Structures: Resource Profiles","description":"These define constraints on FHIR resources for systems conforming to this implementation guide."},{"id":"-str-extension","name":"Structures: Extension Definitions","description":"These define constraints on FHIR data types for systems conforming to this implementation guide."},{"id":"-term-valueset","name":"Terminology: Value Sets","description":"These define sets of codes used by systems conforming to this implementation guide."},{"id":"-term-codesystem","name":"Terminology: Code Systems","description":"These define new code systems used by systems conforming to this implementation guide."},{"id":"-ex-example","name":"Example: Example Instances","description":"These are example instances that show what data produced and consumed by systems conforming with this implementation guide might look like."},{"id":"-other","name":"Other","description":"These are resources that are used within this implementation guide that do not fit into one of the other categories."}],"resource":[{"extension":[{"url":"http://hl7.org/fhir/tools/StructureDefinition/resource-sort","valueInteger":999999999},{"url":"http://hl7.org/fhir/StructureDefinition/implementationguide-page","valueUri":"StructureDefinition-Posteriorsegment-narrative.html"}],"reference":{"reference":"StructureDefinition/Posteriorsegment-narrative"},"groupingId":"-str-profile"},{"extension":[{"url":"http://hl7.org/fhir/tools/StructureDefinition/resource-sort","valueInteger":999999999},{"url":"http://hl7.org/fhir/StructureDefinition/implementationguide-page","valueUri":"StructureDefinition-PupillomotoricDiagnosticReport.html"}],"reference":{"reference":"StructureDefinition/PupillomotoricDiagnosticReport"},"groupingId":"-str-profile"},{"extension":[{"url":"http://hl7.org/fhir/tools/StructureDefinition/resource-sort","valueInteger":999999999},{"url":"http://hl7.org/fhir/StructureDefinition/implementationguide-page","valueUri":"StructureDefinition-pupil-comparison.html"}],"reference":{"reference":"StructureDefinition/pupil-comparison"},"groupingId":"-str-profile"},{"extension":[{"url":"http://hl7.org/fhir/tools/StructureDefinition/resource-sort","valueInteger":999999999},{"url":"http://hl7.org/fhir/StructureDefinition/implementationguide-page","valueUri":"StructureDefinition-pupil-diameter.html"}],"reference":{"reference":"StructureDefinition/pupil-diameter"},"groupingId":"-str-profile"},{"extension":[{"url":"http://hl7.org/fhir/tools/StructureDefinition/resource-sort","valueInteger":999999999},{"url":"http://hl7.org/fhir/StructureDefinition/implementationguide-page","valueUri":"StructureDefinition-observation-base.html"}],"reference":{"reference":"StructureDefinition/observation-base"},"name":"Base ophthalmic Observation profile","description":"Base profile specifically constrained for describing ophthalmic Observations","groupingId":"-str-profile"},{"extension":[{"url":"http://hl7.org/fhir/tools/StructureDefinition/resource-sort","valueInteger":999999999},{"url":"http://hl7.org/fhir/StructureDefinition/implementationguide-page","valueUri":"StructureDefinition-observation-iop.html"}],"reference":{"reference":"StructureDefinition/observation-iop"},"name":"Intraocular Pressure (IOP)","description":"A measurement of a patient's intraocular (within the eyeball) pressure (in mmHg).","groupingId":"-str-profile"},{"extension":[{"url":"http://hl7.org/fhir/tools/StructureDefinition/resource-sort","valueInteger":999999999},{"url":"http://hl7.org/fhir/StructureDefinition/implementationguide-page","valueUri":"StructureDefinition-observation-oct-rnfl.html"}],"reference":{"reference":"StructureDefinition/observation-oct-rnfl"},"name":"OCT RFNL Observations","description":"The Observations associated with the OCT RNFL DiagnosticReport (note: this valueset can also be used independently to describe specific findings/Observations captured by a OCT test, which may not necessarily be referenced by the DiagnosticReport.)","groupingId":"-str-profile"},{"extension":[{"url":"http://hl7.org/fhir/tools/StructureDefinition/resource-sort","valueInteger":999999999},{"url":"http://hl7.org/fhir/StructureDefinition/implementationguide-page","valueUri":"StructureDefinition-diagnostic-report-oct-rnfl.html"}],"reference":{"reference":"StructureDefinition/diagnostic-report-oct-rnfl"},"name":"OCT RNFL Diagnostic Report","description":"The DiagnosticReport profile for an OCT RNFL","groupingId":"-str-profile"},{"extension":[{"url":"http://hl7.org/fhir/tools/StructureDefinition/resource-sort","valueInteger":999999999},{"url":"http://hl7.org/fhir/StructureDefinition/implementationguide-page","valueUri":"StructureDefinition-diagnostic-report-oct-macula.html"}],"reference":{"reference":"StructureDefinition/diagnostic-report-oct-macula"},"name":"OCT macula Diagnostic Report","description":"The DiagnosticReport profile for an OCT macula","groupingId":"-str-profile"},{"extension":[{"url":"http://hl7.org/fhir/tools/StructureDefinition/resource-sort","valueInteger":999999999},{"url":"http://hl7.org/fhir/StructureDefinition/implementationguide-page","valueUri":"StructureDefinition-observation-oct-macula.html"}],"reference":{"reference":"StructureDefinition/observation-oct-macula"},"name":"OCT macula Observations","description":"The Observations associated with the OCT macula DiagnosticReport (note: this valueset can also be used independently to describe specific findings/Observations captured by a OCT test, which may not necessarily be referenced by the DiagnosticReport.)","groupingId":"-str-profile"},{"extension":[{"url":"http://hl7.org/fhir/tools/StructureDefinition/resource-sort","valueInteger":999999999},{"url":"http://hl7.org/fhir/StructureDefinition/implementationguide-page","valueUri":"StructureDefinition-body-structure-eye.html"}],"reference":{"reference":"StructureDefinition/body-structure-eye"},"name":"Ocular anatomical location","description":"The description of an ophthalmic anatomical site that is located within the following structures: the eyeball or the periocular or orbital regions (as opposed to non-ocular anatomical locations). This profile is used by combining the unique valueset (hyperlink) for relevant ophthalmic specific BodyStructure.locationQualifier (Body Site modifier) in combination with the base Observation BodyStructure.location (Body Site; descendants from SNOMED 371398005 (Eye Region Structure), each with a preferred binding in order to refine the accuracy of the location decription of occular structures. This unique qualifying element is important because these locations are routinely described either diffently and/or more granularly than other body parts. Of note - non occular (or surrounding) anatomical location references of Observations (eg - arm) do not need to use this modified specialty profile.","groupingId":"-str-profile"},{"extension":[{"url":"http://hl7.org/fhir/tools/StructureDefinition/resource-sort","valueInteger":999999999},{"url":"http://hl7.org/fhir/StructureDefinition/implementationguide-page","valueUri":"StructureDefinition-condition-base.html"}],"reference":{"reference":"StructureDefinition/condition-base"},"name":"Ophthalmic Diagnoses","description":"A profile to describe the formal past/present clinical diagnosis of a specific non-ophthalmic pathological Condition. As noted above, although the Condition Resource is also referenced in the non-ophthalmic findings profile, this profile is a modification of the base Condition Resource (as opposed to a base Obervation Resource modification, referencing Condition).","groupingId":"-str-profile"},{"extension":[{"url":"http://hl7.org/fhir/tools/StructureDefinition/resource-sort","valueInteger":999999999},{"url":"http://hl7.org/fhir/StructureDefinition/implementationguide-page","valueUri":"StructureDefinition-diagnostic-report-base.html"}],"reference":{"reference":"StructureDefinition/diagnostic-report-base"},"name":"Ophthalmic diagnostic test report","description":"Base profile specifically constrained for describing ophthalmic reports","groupingId":"-str-profile"},{"extension":[{"url":"http://hl7.org/fhir/tools/StructureDefinition/resource-sort","valueInteger":999999999},{"url":"http://hl7.org/fhir/StructureDefinition/implementationguide-page","valueUri":"StructureDefinition-diagnostic-report-visual-field.html"}],"reference":{"reference":"StructureDefinition/diagnostic-report-visual-field"},"name":"VF Diagnostic Report ","description":"The DiagnosticReport profile for a visual field DT","groupingId":"-str-profile"},{"extension":[{"url":"http://hl7.org/fhir/tools/StructureDefinition/resource-sort","valueInteger":999999999},{"url":"http://hl7.org/fhir/StructureDefinition/implementationguide-page","valueUri":"StructureDefinition-observation-visual-field.html"}],"reference":{"reference":"StructureDefinition/observation-visual-field"},"name":"VF Observations","description":"The Observations associated with the VF DiagnosticReport (note: this valueset can also be used independently to describe specific findings/Observations captured by a VF test, which may not necessarily be referenced by the DiagnosticReport.)","groupingId":"-str-profile"},{"extension":[{"url":"http://hl7.org/fhir/tools/StructureDefinition/resource-sort","valueInteger":999999999},{"url":"http://hl7.org/fhir/StructureDefinition/implementationguide-page","valueUri":"StructureDefinition-observation-visual-acuity.html"}],"reference":{"reference":"StructureDefinition/observation-visual-acuity"},"name":"Visual Acuity (VA)","description":"An assessment of a patients ability to see.","groupingId":"-str-profile"},{"extension":[{"url":"http://hl7.org/fhir/tools/StructureDefinition/resource-sort","valueInteger":999999999},{"url":"http://hl7.org/fhir/StructureDefinition/implementationguide-page","valueUri":"StructureDefinition-observation-visual-acuity-version-two.html"}],"reference":{"reference":"StructureDefinition/observation-visual-acuity-version-two"},"name":"Visual Acuity (VA) V2","description":"An assessment of a patients ability to see - Version two - simpler structure than Version 1","groupingId":"-str-profile"},{"extension":[{"url":"http://hl7.org/fhir/tools/StructureDefinition/resource-sort","valueInteger":999999999},{"url":"http://hl7.org/fhir/StructureDefinition/implementationguide-page","valueUri":"StructureDefinition-observation-visual-acuity-version-three.html"}],"reference":{"reference":"StructureDefinition/observation-visual-acuity-version-three"},"name":"Visual Acuity (VA) V3","description":"An assessment of a patients ability to see - Version three","groupingId":"-str-profile"},{"extension":[{"url":"http://hl7.org/fhir/tools/StructureDefinition/resource-sort","valueInteger":999999999},{"url":"http://hl7.org/fhir/StructureDefinition/implementationguide-page","valueUri":"StructureDefinition-LensDuringVATestSpecification.html"}],"reference":{"reference":"StructureDefinition/LensDuringVATestSpecification"},"description":"Specification any Lens that was n front of an eye during a Visual Acuity test test","groupingId":"-str-extension"},{"extension":[{"url":"http://hl7.org/fhir/tools/StructureDefinition/resource-sort","valueInteger":999999999},{"url":"http://hl7.org/fhir/StructureDefinition/implementationguide-page","valueUri":"StructureDefinition-OwnLensDuringVATestSpecification.html"}],"reference":{"reference":"StructureDefinition/OwnLensDuringVATestSpecification"},"description":"Specification of the Lens that was worn during the Visual Acuity test test","groupingId":"-str-extension"},{"extension":[{"url":"http://hl7.org/fhir/tools/StructureDefinition/resource-sort","valueInteger":999999999},{"url":"http://hl7.org/fhir/StructureDefinition/implementationguide-page","valueUri":"ValueSet-iop-methods.html"}],"reference":{"reference":"ValueSet/iop-methods"},"name":"Intraocular pressure (IOP) method valueset","description":"Describes the various methods of capturing IOP that relate to the IOP Observation profile","groupingId":"-term-valueset"},{"extension":[{"url":"http://hl7.org/fhir/tools/StructureDefinition/resource-sort","valueInteger":999999999},{"url":"http://hl7.org/fhir/StructureDefinition/implementationguide-page","valueUri":"ValueSet-lens-types.html"}],"reference":{"reference":"ValueSet/lens-types"},"name":"Lens Types","description":"This ValueSet includes all SNOMED CT codes that are descendants of 'Contact lenses, device' (57368009) and 'Eye glasses, device' (50121007).","groupingId":"-term-valueset"},{"extension":[{"url":"http://hl7.org/fhir/tools/StructureDefinition/resource-sort","valueInteger":999999999},{"url":"http://hl7.org/fhir/StructureDefinition/implementationguide-page","valueUri":"ValueSet-observation-oct-macula.html"}],"reference":{"reference":"ValueSet/observation-oct-macula"},"name":"OCT Macula Observable Entities ValueSet","description":"OCT Macula observations coding","groupingId":"-term-valueset"},{"extension":[{"url":"http://hl7.org/fhir/tools/StructureDefinition/resource-sort","valueInteger":999999999},{"url":"http://hl7.org/fhir/StructureDefinition/implementationguide-page","valueUri":"ValueSet-observation-oct-rnfl.html"}],"reference":{"reference":"ValueSet/observation-oct-rnfl"},"name":"OCT RNFL Observable Entities ValueSet","description":"OCT RNFL observations coding","groupingId":"-term-valueset"},{"extension":[{"url":"http://hl7.org/fhir/tools/StructureDefinition/resource-sort","valueInteger":999999999},{"url":"http://hl7.org/fhir/StructureDefinition/implementationguide-page","valueUri":"ValueSet-observation-final-status.html"}],"reference":{"reference":"ValueSet/observation-final-status"},"name":"Observation Status","description":"Describes whether a recorded observation is either final or amended","groupingId":"-term-valueset"},{"extension":[{"url":"http://hl7.org/fhir/tools/StructureDefinition/resource-sort","valueInteger":999999999},{"url":"http://hl7.org/fhir/StructureDefinition/implementationguide-page","valueUri":"ValueSet-body-site-eye.html"}],"reference":{"reference":"ValueSet/body-site-eye"},"name":"Ophthalmic anatomical location","description":"Describes the ophthalmic structure being referenced","groupingId":"-term-valueset"},{"extension":[{"url":"http://hl7.org/fhir/tools/StructureDefinition/resource-sort","valueInteger":999999999},{"url":"http://hl7.org/fhir/StructureDefinition/implementationguide-page","valueUri":"ValueSet-qualifiers.html"}],"reference":{"reference":"ValueSet/qualifiers"},"name":"Ophthalmic anatomical location qualifiers","description":"Describes whether a recorded observation is either final or amended","groupingId":"-term-valueset"},{"extension":[{"url":"http://hl7.org/fhir/tools/StructureDefinition/resource-sort","valueInteger":999999999},{"url":"http://hl7.org/fhir/StructureDefinition/implementationguide-page","valueUri":"ValueSet-conditions.html"}],"reference":{"reference":"ValueSet/conditions"},"name":"Ophthalmology Condition ICD10 and SNOMED codes ValueSet","description":"Clinical findings for the eye region.","groupingId":"-term-valueset"},{"extension":[{"url":"http://hl7.org/fhir/tools/StructureDefinition/resource-sort","valueInteger":999999999},{"url":"http://hl7.org/fhir/StructureDefinition/implementationguide-page","valueUri":"ValueSet-procedures.html"}],"reference":{"reference":"ValueSet/procedures"},"name":"Ophthalmology Procedures Valueset","description":"This ValueSet represents procedure codes for clinical and billing purposes.","groupingId":"-term-valueset"},{"extension":[{"url":"http://hl7.org/fhir/tools/StructureDefinition/resource-sort","valueInteger":999999999},{"url":"http://hl7.org/fhir/StructureDefinition/implementationguide-page","valueUri":"ValueSet-observable-entities.html"}],"reference":{"reference":"ValueSet/observable-entities"},"name":"Ophthalmology observations (SNOMED)","description":"Concept descends from 363926002 - Eye/vision observable (observable entity)","groupingId":"-term-valueset"},{"extension":[{"url":"http://hl7.org/fhir/tools/StructureDefinition/resource-sort","valueInteger":999999999},{"url":"http://hl7.org/fhir/StructureDefinition/implementationguide-page","valueUri":"ValueSet-optotype-presentation.html"}],"reference":{"reference":"ValueSet/optotype-presentation"},"name":"Optotype Presentation ValueSet","description":"A ValueSet that includes codes representing the type of optotype presentation used during visual acuity testing.","groupingId":"-term-valueset"},{"extension":[{"url":"http://hl7.org/fhir/tools/StructureDefinition/resource-sort","valueInteger":999999999},{"url":"http://hl7.org/fhir/StructureDefinition/implementationguide-page","valueUri":"ValueSet-optotypes.html"}],"reference":{"reference":"ValueSet/optotypes"},"name":"Optotype ValueSet","description":"A ValueSet that includes codes representing optotype used during visual acuity testing.","groupingId":"-term-valueset"},{"extension":[{"url":"http://hl7.org/fhir/tools/StructureDefinition/resource-sort","valueInteger":999999999},{"url":"http://hl7.org/fhir/StructureDefinition/implementationguide-page","valueUri":"ValueSet-pinhole-occluder-usage.html"}],"reference":{"reference":"ValueSet/pinhole-occluder-usage"},"name":"Pinhole Occluder Usage Values","description":"This ValueSet contains SNOMED CT codes to represent whether a pinhole occluder was used during a visual acuity measurement.","groupingId":"-term-valueset"},{"extension":[{"url":"http://hl7.org/fhir/tools/StructureDefinition/resource-sort","valueInteger":999999999},{"url":"http://hl7.org/fhir/StructureDefinition/implementationguide-page","valueUri":"ValueSet-Pupil-function-confounders.html"}],"reference":{"reference":"ValueSet/Pupil-function-confounders"},"name":"Pupil Function Confounders","description":"ValueSet including codes that represent confounders due to pupil function that may affect visual acuity measurements.","groupingId":"-term-valueset"},{"extension":[{"url":"http://hl7.org/fhir/tools/StructureDefinition/resource-sort","valueInteger":999999999},{"url":"http://hl7.org/fhir/StructureDefinition/implementationguide-page","valueUri":"ValueSet-pupi-testing-active-substances.html"}],"reference":{"reference":"ValueSet/pupi-testing-active-substances"},"name":"Pupil Testing Active Substances","description":"This ValueSet contains codes to represent active substances used in pharmacological testing during pupil diameter measurements.","groupingId":"-term-valueset"},{"extension":[{"url":"http://hl7.org/fhir/tools/StructureDefinition/resource-sort","valueInteger":999999999},{"url":"http://hl7.org/fhir/StructureDefinition/implementationguide-page","valueUri":"ValueSet-Pupil-Diameter-Comparison.html"}],"reference":{"reference":"ValueSet/Pupil-Diameter-Comparison"},"name":"Pupil-Diameter-Comparison","description":"A ValueSet containing codes for various pupillomotor function observations.","groupingId":"-term-valueset"},{"extension":[{"url":"http://hl7.org/fhir/tools/StructureDefinition/resource-sort","valueInteger":999999999},{"url":"http://hl7.org/fhir/StructureDefinition/implementationguide-page","valueUri":"ValueSet-room-brightness-levels.html"}],"reference":{"reference":"ValueSet/room-brightness-levels"},"name":"Room Brightness Levels","description":"This ValueSet contains codes to represent the brightness of the room where a test was performed.","groupingId":"-term-valueset"},{"extension":[{"url":"http://hl7.org/fhir/tools/StructureDefinition/resource-sort","valueInteger":999999999},{"url":"http://hl7.org/fhir/StructureDefinition/implementationguide-page","valueUri":"ValueSet-special-va-testing-parameters.html"}],"reference":{"reference":"ValueSet/special-va-testing-parameters"},"name":"Special VA testing Parameters","description":"This ValueSet contains codes to represent whether special testing parameters, such as a pinhole occluder or glare light, were used during a visual acuity measurement.","groupingId":"-term-valueset"},{"extension":[{"url":"http://hl7.org/fhir/tools/StructureDefinition/resource-sort","valueInteger":999999999},{"url":"http://hl7.org/fhir/StructureDefinition/implementationguide-page","valueUri":"ValueSet-right-left-both-eyes.html"}],"reference":{"reference":"ValueSet/right-left-both-eyes"},"name":"ValueSet-right-left-both-eyes","description":"ValueSet containing laterality codes for ophthalmic observations which may contain information on one or both eyes","groupingId":"-term-valueset"},{"extension":[{"url":"http://hl7.org/fhir/tools/StructureDefinition/resource-sort","valueInteger":999999999},{"url":"http://hl7.org/fhir/StructureDefinition/implementationguide-page","valueUri":"ValueSet-right-left-eyes.html"}],"reference":{"reference":"ValueSet/right-left-eyes"},"name":"ValueSet-right-left-eyes","description":"ValueSet containing laterality codes for ophthalmic observations which should only contain information on either the right or left eye, not both","groupingId":"-term-valueset"},{"extension":[{"url":"http://hl7.org/fhir/tools/StructureDefinition/resource-sort","valueInteger":999999999},{"url":"http://hl7.org/fhir/StructureDefinition/implementationguide-page","valueUri":"ValueSet-visual-acuity-categorical-values.html"}],"reference":{"reference":"ValueSet/visual-acuity-categorical-values"},"name":"Visual Acuity Categorical Values","description":"ValueSet containing categorical values for visual acuity observations.","groupingId":"-term-valueset"},{"extension":[{"url":"http://hl7.org/fhir/tools/StructureDefinition/resource-sort","valueInteger":999999999},{"url":"http://hl7.org/fhir/StructureDefinition/implementationguide-page","valueUri":"ValueSet-visual-acuity-correction-methods.html"}],"reference":{"reference":"ValueSet/visual-acuity-correction-methods"},"name":"Visual Acuity Correction Methods","description":"Methods of correction used during a visual acuity test.","groupingId":"-term-valueset"},{"extension":[{"url":"http://hl7.org/fhir/tools/StructureDefinition/resource-sort","valueInteger":999999999},{"url":"http://hl7.org/fhir/StructureDefinition/implementationguide-page","valueUri":"ValueSet-visual-acuity-correction-methods-with-sl.html"}],"reference":{"reference":"ValueSet/visual-acuity-correction-methods-with-sl"},"name":"Visual Acuity Correction Methods","description":"Methods of correction used during a visual acuity test.","groupingId":"-term-valueset"},{"extension":[{"url":"http://hl7.org/fhir/tools/StructureDefinition/resource-sort","valueInteger":999999999},{"url":"http://hl7.org/fhir/StructureDefinition/implementationguide-page","valueUri":"ValueSet-observation-visual-acuity-methods.html"}],"reference":{"reference":"ValueSet/observation-visual-acuity-methods"},"name":"Visual Acuity Measurement Methods valueset","description":"Describes the various charts that can be used to assess visual acuity where concept descends from 400912000 (Visual acuity test equipment (physical object))","groupingId":"-term-valueset"},{"extension":[{"url":"http://hl7.org/fhir/tools/StructureDefinition/resource-sort","valueInteger":999999999},{"url":"http://hl7.org/fhir/StructureDefinition/implementationguide-page","valueUri":"ValueSet-visual-acuity-quantity-units.html"}],"reference":{"reference":"ValueSet/visual-acuity-quantity-units"},"name":"Visual Acuity Quantity Units","description":"Units of Measure of Visual acuity","groupingId":"-term-valueset"},{"extension":[{"url":"http://hl7.org/fhir/tools/StructureDefinition/resource-sort","valueInteger":999999999},{"url":"http://hl7.org/fhir/StructureDefinition/implementationguide-page","valueUri":"ValueSet-visual-acuity-test-distance.html"}],"reference":{"reference":"ValueSet/visual-acuity-test-distance"},"name":"Visual Acuity Test Distance","description":"Codes representing the distances at which visual acuity tests are performed.","groupingId":"-term-valueset"},{"extension":[{"url":"http://hl7.org/fhir/tools/StructureDefinition/resource-sort","valueInteger":999999999},{"url":"http://hl7.org/fhir/StructureDefinition/implementationguide-page","valueUri":"ValueSet-observation-visual-field.html"}],"reference":{"reference":"ValueSet/observation-visual-field"},"name":"Visual Field Observable Entities ValueSet","description":"Visual field observation coding","groupingId":"-term-valueset"},{"extension":[{"url":"http://hl7.org/fhir/tools/StructureDefinition/resource-sort","valueInteger":999999999},{"url":"http://hl7.org/fhir/StructureDefinition/implementationguide-page","valueUri":"ValueSet-observation-visual-acuity.html"}],"reference":{"reference":"ValueSet/observation-visual-acuity"},"name":"Visual acuity method valueset (SNOMED)","description":"Describes the visual acuity observation result, where concept descends from 363983007 (Visual acuity)","groupingId":"-term-valueset"},{"extension":[{"url":"http://hl7.org/fhir/tools/StructureDefinition/resource-sort","valueInteger":999999999},{"url":"http://hl7.org/fhir/StructureDefinition/implementationguide-page","valueUri":"CodeSystem-qualifiers.html"}],"reference":{"reference":"CodeSystem/qualifiers"},"name":"Body Structure Qualifiers","description":"Additional body site qualifiers","groupingId":"-term-codesystem"},{"extension":[{"url":"http://hl7.org/fhir/tools/StructureDefinition/resource-sort","valueInteger":999999999},{"url":"http://hl7.org/fhir/StructureDefinition/implementationguide-page","valueUri":"CodeSystem-custom-codes-to-be-submitted-to-SNOMED-or-LOINC.html"}],"reference":{"reference":"CodeSystem/custom-codes-to-be-submitted-to-SNOMED-or-LOINC"},"name":"Codes which were needed, but not found in SNOMED or LOINC, will be submitted there","description":"Codes which were needed, but not found in SNOMED or LOINC, will be submitted there","groupingId":"-term-codesystem"},{"extension":[{"url":"http://hl7.org/fhir/tools/StructureDefinition/resource-sort","valueInteger":999999999},{"url":"http://hl7.org/fhir/StructureDefinition/implementationguide-page","valueUri":"CodeSystem-iop-methods.html"}],"reference":{"reference":"CodeSystem/iop-methods"},"name":"IOP Methods Code System","description":"IOP additional method types","groupingId":"-term-codesystem"},{"extension":[{"url":"http://hl7.org/fhir/tools/StructureDefinition/resource-sort","valueInteger":999999999},{"url":"http://hl7.org/fhir/StructureDefinition/implementationguide-page","valueUri":"CodeSystem-visual-field-observations.html"}],"reference":{"reference":"CodeSystem/visual-field-observations"},"name":"Visual field test parameter observations","description":"Visual field observation additional codes","groupingId":"-term-codesystem"},{"extension":[{"url":"http://hl7.org/fhir/tools/StructureDefinition/resource-sort","valueInteger":999999999},{"url":"http://hl7.org/fhir/StructureDefinition/implementationguide-page","valueUri":"DiagnosticReport-pupillomotoric-report-1.html"}],"reference":{"reference":"DiagnosticReport/pupillomotoric-report-1"},"name":"Example DiagnosticReport - pupillomotoric-report-1","exampleCanonical":"https://larfuma.github.io/fhir-eyecare-ig/StructureDefinition-PupillomotoricDiagnosticReport","groupingId":"-ex-example"},{"extension":[{"url":"http://hl7.org/fhir/tools/StructureDefinition/resource-sort","valueInteger":999999999},{"url":"http://hl7.org/fhir/StructureDefinition/implementationguide-page","valueUri":"Observation-posteriorsegment-example.html"}],"reference":{"reference":"Observation/posteriorsegment-example"},"name":"Example Observation - posteriorsegment-example","exampleCanonical":"https://larfuma.github.io/fhir-eyecare-ig/StructureDefinition-Posteriorsegment-narrative","groupingId":"-ex-example"},{"extension":[{"url":"http://hl7.org/fhir/tools/StructureDefinition/resource-sort","valueInteger":999999999},{"url":"http://hl7.org/fhir/StructureDefinition/implementationguide-page","valueUri":"Observation-pupil-comparison-1.html"}],"reference":{"reference":"Observation/pupil-comparison-1"},"name":"Example Observation - pupil-comparison-1","exampleCanonical":"https://larfuma.github.io/fhir-eyecare-ig/StructureDefinition/pupil-comparison","groupingId":"-ex-example"},{"extension":[{"url":"http://hl7.org/fhir/tools/StructureDefinition/resource-sort","valueInteger":999999999},{"url":"http://hl7.org/fhir/StructureDefinition/implementationguide-page","valueUri":"Observation-pupil-comparison-2.html"}],"reference":{"reference":"Observation/pupil-comparison-2"},"name":"Example Observation - pupil-comparison-2","exampleCanonical":"https://larfuma.github.io/fhir-eyecare-ig/StructureDefinition/pupil-comparison","groupingId":"-ex-example"},{"extension":[{"url":"http://hl7.org/fhir/tools/StructureDefinition/resource-sort","valueInteger":999999999},{"url":"http://hl7.org/fhir/StructureDefinition/implementationguide-page","valueUri":"Observation-pupil-comparison-3.html"}],"reference":{"reference":"Observation/pupil-comparison-3"},"name":"Example Observation - pupil-comparison-3","exampleCanonical":"https://larfuma.github.io/fhir-eyecare-ig/StructureDefinition/pupil-comparison","groupingId":"-ex-example"},{"extension":[{"url":"http://hl7.org/fhir/tools/StructureDefinition/resource-sort","valueInteger":999999999},{"url":"http://hl7.org/fhir/StructureDefinition/implementationguide-page","valueUri":"Observation-pupil-comparison-4.html"}],"reference":{"reference":"Observation/pupil-comparison-4"},"name":"Example Observation - pupil-comparison-4","exampleCanonical":"https://larfuma.github.io/fhir-eyecare-ig/StructureDefinition/pupil-comparison","groupingId":"-ex-example"},{"extension":[{"url":"http://hl7.org/fhir/tools/StructureDefinition/resource-sort","valueInteger":999999999},{"url":"http://hl7.org/fhir/StructureDefinition/implementationguide-page","valueUri":"Observation-pupil-diameter-left-eye-1.html"}],"reference":{"reference":"Observation/pupil-diameter-left-eye-1"},"name":"Example Observation - pupil-diameter-left-eye-1","exampleCanonical":"https://larfuma.github.io/fhir-eyecare-ig/StructureDefinition/pupil-diameter","groupingId":"-ex-example"},{"extension":[{"url":"http://hl7.org/fhir/tools/StructureDefinition/resource-sort","valueInteger":999999999},{"url":"http://hl7.org/fhir/StructureDefinition/implementationguide-page","valueUri":"Observation-pupil-diameter-left-eye-2.html"}],"reference":{"reference":"Observation/pupil-diameter-left-eye-2"},"name":"Example Observation - pupil-diameter-left-eye-2","exampleCanonical":"https://larfuma.github.io/fhir-eyecare-ig/StructureDefinition/pupil-diameter","groupingId":"-ex-example"},{"extension":[{"url":"http://hl7.org/fhir/tools/StructureDefinition/resource-sort","valueInteger":999999999},{"url":"http://hl7.org/fhir/StructureDefinition/implementationguide-page","valueUri":"Observation-pupil-diameter-left-eye-3.html"}],"reference":{"reference":"Observation/pupil-diameter-left-eye-3"},"name":"Example Observation - pupil-diameter-left-eye-3","exampleCanonical":"https://larfuma.github.io/fhir-eyecare-ig/StructureDefinition/pupil-diameter","groupingId":"-ex-example"},{"extension":[{"url":"http://hl7.org/fhir/tools/StructureDefinition/resource-sort","valueInteger":999999999},{"url":"http://hl7.org/fhir/StructureDefinition/implementationguide-page","valueUri":"Observation-pupil-diameter-left-eye-4.html"}],"reference":{"reference":"Observation/pupil-diameter-left-eye-4"},"name":"Example Observation - pupil-diameter-left-eye-4","exampleCanonical":"https://larfuma.github.io/fhir-eyecare-ig/StructureDefinition/pupil-diameter","groupingId":"-ex-example"},{"extension":[{"url":"http://hl7.org/fhir/tools/StructureDefinition/resource-sort","valueInteger":999999999},{"url":"http://hl7.org/fhir/StructureDefinition/implementationguide-page","valueUri":"Observation-pupil-diameter-right-eye-1.html"}],"reference":{"reference":"Observation/pupil-diameter-right-eye-1"},"name":"Example Observation - pupil-diameter-right-eye-1","exampleCanonical":"https://larfuma.github.io/fhir-eyecare-ig/StructureDefinition/pupil-diameter","groupingId":"-ex-example"},{"extension":[{"url":"http://hl7.org/fhir/tools/StructureDefinition/resource-sort","valueInteger":999999999},{"url":"http://hl7.org/fhir/StructureDefinition/implementationguide-page","valueUri":"Observation-pupil-diameter-right-eye-2.html"}],"reference":{"reference":"Observation/pupil-diameter-right-eye-2"},"name":"Example Observation - pupil-diameter-right-eye-2","exampleCanonical":"https://larfuma.github.io/fhir-eyecare-ig/StructureDefinition/pupil-diameter","groupingId":"-ex-example"},{"extension":[{"url":"http://hl7.org/fhir/tools/StructureDefinition/resource-sort","valueInteger":999999999},{"url":"http://hl7.org/fhir/StructureDefinition/implementationguide-page","valueUri":"Observation-pupil-diameter-right-eye-3.html"}],"reference":{"reference":"Observation/pupil-diameter-right-eye-3"},"name":"Example Observation - pupil-diameter-right-eye-3","exampleCanonical":"https://larfuma.github.io/fhir-eyecare-ig/StructureDefinition/pupil-diameter","groupingId":"-ex-example"},{"extension":[{"url":"http://hl7.org/fhir/tools/StructureDefinition/resource-sort","valueInteger":999999999},{"url":"http://hl7.org/fhir/StructureDefinition/implementationguide-page","valueUri":"Observation-pupil-diameter-right-eye-4.html"}],"reference":{"reference":"Observation/pupil-diameter-right-eye-4"},"name":"Example Observation - pupil-diameter-right-eye-4","exampleCanonical":"https://larfuma.github.io/fhir-eyecare-ig/StructureDefinition/pupil-diameter","groupingId":"-ex-example"},{"extension":[{"url":"http://hl7.org/fhir/tools/StructureDefinition/resource-sort","valueInteger":999999999},{"url":"http://hl7.org/fhir/StructureDefinition/implementationguide-page","valueUri":"Observation-va-measurement-example-patient-1-with-overrefraction-v3.html"}],"reference":{"reference":"Observation/va-measurement-example-patient-1-with-overrefraction-v3"},"name":"Example Observation - va-measurement-example-patient-1-with-overrefraction-v3","exampleCanonical":"https://larfuma.github.io/fhir-eyecare-ig/StructureDefinition-observation-visual-acuity-version-three","groupingId":"-ex-example"},{"extension":[{"url":"http://hl7.org/fhir/tools/StructureDefinition/resource-sort","valueInteger":999999999},{"url":"http://hl7.org/fhir/StructureDefinition/implementationguide-page","valueUri":"Observation-va-measurement-example-patient-1-without-overrefraction-v3.html"}],"reference":{"reference":"Observation/va-measurement-example-patient-1-without-overrefraction-v3"},"name":"Example Observation - va-measurement-example-patient-1-without-overrefraction-v3","exampleCanonical":"https://larfuma.github.io/fhir-eyecare-ig/StructureDefinition-observation-visual-acuity-version-three","groupingId":"-ex-example"},{"extension":[{"url":"http://hl7.org/fhir/tools/StructureDefinition/resource-sort","valueInteger":999999999},{"url":"http://hl7.org/fhir/StructureDefinition/implementationguide-page","valueUri":"Observation-va-measurement-example-patient-2-bino-50cm-with-od-contactlens.html"}],"reference":{"reference":"Observation/va-measurement-example-patient-2-bino-50cm-with-od-contactlens"},"name":"Example Observation - va-measurement-example-patient-2-bino-50cm-with-od-contactlens","exampleCanonical":"https://larfuma.github.io/fhir-eyecare-ig/StructureDefinition-observation-visual-acuity-version-three","groupingId":"-ex-example"},{"extension":[{"url":"http://hl7.org/fhir/tools/StructureDefinition/resource-sort","valueInteger":999999999},{"url":"http://hl7.org/fhir/StructureDefinition/implementationguide-page","valueUri":"Observation-va-measurement-experiment.html"}],"reference":{"reference":"Observation/va-measurement-experiment"},"name":"Example Observation - va-measurement-experiment","exampleCanonical":"https://larfuma.github.io/fhir-eyecare-ig/StructureDefinition-observation-visual-acuity-version-three","groupingId":"-ex-example"},{"extension":[{"url":"http://hl7.org/fhir/tools/StructureDefinition/resource-sort","valueInteger":999999999},{"url":"http://hl7.org/fhir/StructureDefinition/implementationguide-page","valueUri":"Observation-va-observation-v2-example-patient-1-with-overrefraction.html"}],"reference":{"reference":"Observation/va-observation-v2-example-patient-1-with-overrefraction"},"name":"Example Observation - va-observation-v2-example-patient-1-with-overrefraction","exampleCanonical":"https://larfuma.github.io/fhir-eyecare-ig/StructureDefinition-observation-visual-acuity-version-two","groupingId":"-ex-example"},{"extension":[{"url":"http://hl7.org/fhir/tools/StructureDefinition/resource-sort","valueInteger":999999999},{"url":"http://hl7.org/fhir/StructureDefinition/implementationguide-page","valueUri":"Observation-va-observation-v2-example-patient-1-without-overrefraction.html"}],"reference":{"reference":"Observation/va-observation-v2-example-patient-1-without-overrefraction"},"name":"Example Observation - va-observation-v2-example-patient-1-without-overrefraction","exampleCanonical":"https://larfuma.github.io/fhir-eyecare-ig/StructureDefinition-observation-visual-acuity-version-two","groupingId":"-ex-example"},{"extension":[{"url":"http://hl7.org/fhir/tools/StructureDefinition/resource-sort","valueInteger":999999999},{"url":"http://hl7.org/fhir/StructureDefinition/implementationguide-page","valueUri":"BodyStructure-bodystructure-left-eye.html"}],"reference":{"reference":"BodyStructure/bodystructure-left-eye"},"name":"Left Eye Body Structure","exampleBoolean":true,"groupingId":"-ex-example"},{"extension":[{"url":"http://hl7.org/fhir/tools/StructureDefinition/resource-sort","valueInteger":999999999},{"url":"http://hl7.org/fhir/StructureDefinition/implementationguide-page","valueUri":"Media-visual-field-le-0.html"}],"reference":{"reference":"Media/visual-field-le-0"},"name":"Media Example","exampleBoolean":true,"groupingId":"-ex-example"},{"extension":[{"url":"http://hl7.org/fhir/tools/StructureDefinition/resource-sort","valueInteger":999999999},{"url":"http://hl7.org/fhir/StructureDefinition/implementationguide-page","valueUri":"Media-visual-field-re-0.html"}],"reference":{"reference":"Media/visual-field-re-0"},"name":"Media Example","exampleBoolean":true,"groupingId":"-ex-example"},{"extension":[{"url":"http://hl7.org/fhir/tools/StructureDefinition/resource-sort","valueInteger":999999999},{"url":"http://hl7.org/fhir/StructureDefinition/implementationguide-page","valueUri":"Patient-ophthal-patient-example-0.html"}],"reference":{"reference":"Patient/ophthal-patient-example-0"},"name":"Patient Example","exampleBoolean":true,"groupingId":"-ex-example"},{"extension":[{"url":"http://hl7.org/fhir/tools/StructureDefinition/resource-sort","valueInteger":999999999},{"url":"http://hl7.org/fhir/StructureDefinition/implementationguide-page","valueUri":"Practitioner-ophthal-practitioner-example-0.html"}],"reference":{"reference":"Practitioner/ophthal-practitioner-example-0"},"name":"Practitioner Example","exampleBoolean":true,"groupingId":"-ex-example"},{"extension":[{"url":"http://hl7.org/fhir/tools/StructureDefinition/resource-sort","valueInteger":999999999},{"url":"http://hl7.org/fhir/StructureDefinition/implementationguide-page","valueUri":"BodyStructure-bodystructure-right-eye.html"}],"reference":{"reference":"BodyStructure/bodystructure-right-eye"},"name":"Right Eye Body Structure","exampleBoolean":true,"groupingId":"-ex-example"},{"extension":[{"url":"http://hl7.org/fhir/tools/StructureDefinition/resource-sort","valueInteger":999999999},{"url":"http://hl7.org/fhir/StructureDefinition/implementationguide-page","valueUri":"BodyStructure-bodystructure-right-eye-6oclock.html"}],"reference":{"reference":"BodyStructure/bodystructure-right-eye-6oclock"},"groupingId":"-other"},{"extension":[{"url":"http://hl7.org/fhir/tools/StructureDefinition/resource-sort","valueInteger":999999999},{"url":"http://hl7.org/fhir/StructureDefinition/implementationguide-page","valueUri":"Condition-condition-ophthal-glaucoma.html"}],"reference":{"reference":"Condition/condition-ophthal-glaucoma"},"groupingId":"-other"},{"extension":[{"url":"http://hl7.org/fhir/tools/StructureDefinition/resource-sort","valueInteger":999999999},{"url":"http://hl7.org/fhir/StructureDefinition/implementationguide-page","valueUri":"DiagnosticReport-diagnostic-report-visual-field-test-le-0.html"}],"reference":{"reference":"DiagnosticReport/diagnostic-report-visual-field-test-le-0"},"groupingId":"-other"},{"extension":[{"url":"http://hl7.org/fhir/tools/StructureDefinition/resource-sort","valueInteger":999999999},{"url":"http://hl7.org/fhir/StructureDefinition/implementationguide-page","valueUri":"DiagnosticReport-diagnostic-report-visual-field-test-re-0.html"}],"reference":{"reference":"DiagnosticReport/diagnostic-report-visual-field-test-re-0"},"groupingId":"-other"},{"extension":[{"url":"http://hl7.org/fhir/tools/StructureDefinition/resource-sort","valueInteger":999999999},{"url":"http://hl7.org/fhir/StructureDefinition/implementationguide-page","valueUri":"Observation-observation-iop-goldman-le-0.html"}],"reference":{"reference":"Observation/observation-iop-goldman-le-0"},"groupingId":"-other"},{"extension":[{"url":"http://hl7.org/fhir/tools/StructureDefinition/resource-sort","valueInteger":999999999},{"url":"http://hl7.org/fhir/StructureDefinition/implementationguide-page","valueUri":"Observation-observation-iop-goldman-re-0.html"}],"reference":{"reference":"Observation/observation-iop-goldman-re-0"},"groupingId":"-other"},{"extension":[{"url":"http://hl7.org/fhir/tools/StructureDefinition/resource-sort","valueInteger":999999999},{"url":"http://hl7.org/fhir/StructureDefinition/implementationguide-page","valueUri":"Observation-observation-iop-icare-home-le-0.html"}],"reference":{"reference":"Observation/observation-iop-icare-home-le-0"},"groupingId":"-other"},{"extension":[{"url":"http://hl7.org/fhir/tools/StructureDefinition/resource-sort","valueInteger":999999999},{"url":"http://hl7.org/fhir/StructureDefinition/implementationguide-page","valueUri":"Observation-observation-iop-icare-home-re-0.html"}],"reference":{"reference":"Observation/observation-iop-icare-home-re-0"},"groupingId":"-other"},{"extension":[{"url":"http://hl7.org/fhir/tools/StructureDefinition/resource-sort","valueInteger":999999999},{"url":"http://hl7.org/fhir/StructureDefinition/implementationguide-page","valueUri":"Observation-observation-refraction-le-0.html"}],"reference":{"reference":"Observation/observation-refraction-le-0"},"groupingId":"-other"},{"extension":[{"url":"http://hl7.org/fhir/tools/StructureDefinition/resource-sort","valueInteger":999999999},{"url":"http://hl7.org/fhir/StructureDefinition/implementationguide-page","valueUri":"Observation-observation-refraction-re-0.html"}],"reference":{"reference":"Observation/observation-refraction-re-0"},"groupingId":"-other"},{"extension":[{"url":"http://hl7.org/fhir/tools/StructureDefinition/resource-sort","valueInteger":999999999},{"url":"http://hl7.org/fhir/StructureDefinition/implementationguide-page","valueUri":"Observation-vf-false-positives-le-0.html"}],"reference":{"reference":"Observation/vf-false-positives-le-0"},"groupingId":"-other"},{"extension":[{"url":"http://hl7.org/fhir/tools/StructureDefinition/resource-sort","valueInteger":999999999},{"url":"http://hl7.org/fhir/StructureDefinition/implementationguide-page","valueUri":"Observation-vf-false-positives-re-0.html"}],"reference":{"reference":"Observation/vf-false-positives-re-0"},"groupingId":"-other"},{"extension":[{"url":"http://hl7.org/fhir/tools/StructureDefinition/resource-sort","valueInteger":999999999},{"url":"http://hl7.org/fhir/StructureDefinition/implementationguide-page","valueUri":"Observation-vf-fixation-loss-le-0.html"}],"reference":{"reference":"Observation/vf-fixation-loss-le-0"},"groupingId":"-other"},{"extension":[{"url":"http://hl7.org/fhir/tools/StructureDefinition/resource-sort","valueInteger":999999999},{"url":"http://hl7.org/fhir/StructureDefinition/implementationguide-page","valueUri":"Observation-vf-fixation-loss-re-0.html"}],"reference":{"reference":"Observation/vf-fixation-loss-re-0"},"groupingId":"-other"},{"extension":[{"url":"http://hl7.org/fhir/tools/StructureDefinition/resource-sort","valueInteger":999999999},{"url":"http://hl7.org/fhir/StructureDefinition/implementationguide-page","valueUri":"Observation-vf-mean-deviation-le-0.html"}],"reference":{"reference":"Observation/vf-mean-deviation-le-0"},"groupingId":"-other"},{"extension":[{"url":"http://hl7.org/fhir/tools/StructureDefinition/resource-sort","valueInteger":999999999},{"url":"http://hl7.org/fhir/StructureDefinition/implementationguide-page","valueUri":"Observation-vf-mean-deviation-re-0.html"}],"reference":{"reference":"Observation/vf-mean-deviation-re-0"},"groupingId":"-other"},{"extension":[{"url":"http://hl7.org/fhir/tools/StructureDefinition/resource-sort","valueInteger":999999999},{"url":"http://hl7.org/fhir/StructureDefinition/implementationguide-page","valueUri":"Observation-vf-pattern-standard-deviation-le-0.html"}],"reference":{"reference":"Observation/vf-pattern-standard-deviation-le-0"},"groupingId":"-other"},{"extension":[{"url":"http://hl7.org/fhir/tools/StructureDefinition/resource-sort","valueInteger":999999999},{"url":"http://hl7.org/fhir/StructureDefinition/implementationguide-page","valueUri":"Observation-vf-pattern-standard-deviation-re-0.html"}],"reference":{"reference":"Observation/vf-pattern-standard-deviation-re-0"},"groupingId":"-other"},{"extension":[{"url":"http://hl7.org/fhir/tools/StructureDefinition/resource-sort","valueInteger":999999999},{"url":"http://hl7.org/fhir/StructureDefinition/implementationguide-page","valueUri":"Observation-vf-test-duration-le-0.html"}],"reference":{"reference":"Observation/vf-test-duration-le-0"},"groupingId":"-other"},{"extension":[{"url":"http://hl7.org/fhir/tools/StructureDefinition/resource-sort","valueInteger":999999999},{"url":"http://hl7.org/fhir/StructureDefinition/implementationguide-page","valueUri":"Observation-vf-test-duration-re-0.html"}],"reference":{"reference":"Observation/vf-test-duration-re-0"},"groupingId":"-other"},{"extension":[{"url":"http://hl7.org/fhir/tools/StructureDefinition/resource-sort","valueInteger":999999999},{"url":"http://hl7.org/fhir/StructureDefinition/implementationguide-page","valueUri":"Procedure-perimetry-24-2-perimetry-test.html"}],"reference":{"reference":"Procedure/perimetry-24-2-perimetry-test"},"groupingId":"-other"}],"page":{"extension":[{"url":"http://hl7.org/fhir/tools/StructureDefinition/ig-page-name","valueUrl":"toc.html"}],"nameUrl":"toc.html","title":"Table of Contents","generation":"html","page":[{"extension":[{"url":"http://hl7.org/fhir/tools/StructureDefinition/ig-page-name","valueUrl":"index.html"}],"nameUrl":"index.html","title":"Home Page","generation":"markdown"},{"extension":[{"url":"http://hl7.org/fhir/tools/StructureDefinition/ig-page-name","valueUrl":"patient_journey.html"}],"nameUrl":"patient_journey.html","title":"Patient Journey Use Case","generation":"markdown"},{"extension":[{"url":"http://hl7.org/fhir/tools/StructureDefinition/ig-page-name","valueUrl":"physician_tools.html"}],"nameUrl":"physician_tools.html","title":"Physician Tools Use Case","generation":"markdown"},{"extension":[{"url":"http://hl7.org/fhir/tools/StructureDefinition/ig-page-name","valueUrl":"registry.html"}],"nameUrl":"registry.html","title":"Registry Use Case","generation":"markdown"},{"extension":[{"url":"http://hl7.org/fhir/tools/StructureDefinition/ig-page-name","valueUrl":"life_science.html"}],"nameUrl":"life_science.html","title":"Life Science Use Case","generation":"markdown"},{"extension":[{"url":"http://hl7.org/fhir/tools/StructureDefinition/ig-page-name","valueUrl":"clinic_optimisation.html"}],"nameUrl":"clinic_optimisation.html","title":"Clinic Optimisation Use Case","generation":"markdown"},{"extension":[{"url":"http://hl7.org/fhir/tools/StructureDefinition/ig-page-name","valueUrl":"profiles.html"}],"nameUrl":"profiles.html","title":"Profiles","generation":"markdown"},{"extension":[{"url":"http://hl7.org/fhir/tools/StructureDefinition/ig-page-name","valueUrl":"usecases.html"}],"nameUrl":"usecases.html","title":"Use Cases","generation":"markdown"},{"extension":[{"url":"http://hl7.org/fhir/tools/StructureDefinition/ig-page-name","valueUrl":"guidance.html"}],"nameUrl":"guidance.html","title":"Guidance","generation":"markdown"},{"extension":[{"url":"http://hl7.org/fhir/tools/StructureDefinition/ig-page-name","valueUrl":"terminology.html"}],"nameUrl":"terminology.html","title":"Terminology","generation":"markdown"},{"extension":[{"url":"http://hl7.org/fhir/tools/StructureDefinition/ig-page-name","valueUrl":"contributors.html"}],"nameUrl":"contributors.html","title":"Contributors","generation":"markdown"},{"extension":[{"url":"http://hl7.org/fhir/tools/StructureDefinition/ig-page-name","valueUrl":"downloads.html"}],"nameUrl":"downloads.html","title":"Useful Downloads","generation":"html"},{"extension":[{"url":"http://hl7.org/fhir/tools/StructureDefinition/ig-page-name","valueUrl":"changes.html"}],"nameUrl":"changes.html","title":"IG Change History","generation":"html"},{"extension":[{"url":"http://hl7.org/fhir/tools/StructureDefinition/ig-page-name","valueUrl":"artifacts.html"}],"nameUrl":"artifacts.html","title":"Artifacts Summary","generation":"html","page":[{"extension":[{"url":"http://hl7.org/fhir/tools/StructureDefinition/ig-page-name","valueUrl":"StructureDefinition-PupillomotoricDiagnosticReport.html"}],"nameUrl":"StructureDefinition-PupillomotoricDiagnosticReport.html","generation":"generated"},{"extension":[{"url":"http://hl7.org/fhir/tools/StructureDefinition/ig-page-name","valueUrl":"StructureDefinition-Posteriorsegment-narrative.html"}],"nameUrl":"StructureDefinition-Posteriorsegment-narrative.html","generation":"generated"},{"extension":[{"url":"http://hl7.org/fhir/tools/StructureDefinition/ig-page-name","valueUrl":"StructureDefinition-pupil-comparison.html"}],"nameUrl":"StructureDefinition-pupil-comparison.html","generation":"generated"},{"extension":[{"url":"http://hl7.org/fhir/tools/StructureDefinition/ig-page-name","valueUrl":"StructureDefinition-pupil-diameter.html"}],"nameUrl":"StructureDefinition-pupil-diameter.html","generation":"generated"},{"extension":[{"url":"http://hl7.org/fhir/tools/StructureDefinition/ig-page-name","valueUrl":"StructureDefinition-body-structure-eye.html"}],"nameUrl":"StructureDefinition-body-structure-eye.html","title":"Ocular anatomical location","generation":"generated"},{"extension":[{"url":"http://hl7.org/fhir/tools/StructureDefinition/ig-page-name","valueUrl":"StructureDefinition-condition-base.html"}],"nameUrl":"StructureDefinition-condition-base.html","title":"Ophthalmic Diagnoses","generation":"generated"},{"extension":[{"url":"http://hl7.org/fhir/tools/StructureDefinition/ig-page-name","valueUrl":"StructureDefinition-diagnostic-report-base.html"}],"nameUrl":"StructureDefinition-diagnostic-report-base.html","title":"Ophthalmic diagnostic test report","generation":"generated"},{"extension":[{"url":"http://hl7.org/fhir/tools/StructureDefinition/ig-page-name","valueUrl":"StructureDefinition-diagnostic-report-oct-macula.html"}],"nameUrl":"StructureDefinition-diagnostic-report-oct-macula.html","title":"OCT macula Diagnostic Report","generation":"generated"},{"extension":[{"url":"http://hl7.org/fhir/tools/StructureDefinition/ig-page-name","valueUrl":"StructureDefinition-diagnostic-report-oct-rnfl.html"}],"nameUrl":"StructureDefinition-diagnostic-report-oct-rnfl.html","title":"OCT RNFL Diagnostic Report","generation":"generated"},{"extension":[{"url":"http://hl7.org/fhir/tools/StructureDefinition/ig-page-name","valueUrl":"StructureDefinition-diagnostic-report-visual-field.html"}],"nameUrl":"StructureDefinition-diagnostic-report-visual-field.html","title":"VF Diagnostic Report ","generation":"generated"},{"extension":[{"url":"http://hl7.org/fhir/tools/StructureDefinition/ig-page-name","valueUrl":"StructureDefinition-observation-base.html"}],"nameUrl":"StructureDefinition-observation-base.html","title":"Base ophthalmic Observation profile","generation":"generated"},{"extension":[{"url":"http://hl7.org/fhir/tools/StructureDefinition/ig-page-name","valueUrl":"StructureDefinition-observation-iop.html"}],"nameUrl":"StructureDefinition-observation-iop.html","title":"Intraocular Pressure (IOP)","generation":"generated"},{"extension":[{"url":"http://hl7.org/fhir/tools/StructureDefinition/ig-page-name","valueUrl":"StructureDefinition-observation-oct-macula.html"}],"nameUrl":"StructureDefinition-observation-oct-macula.html","title":"OCT macula Observations","generation":"generated"},{"extension":[{"url":"http://hl7.org/fhir/tools/StructureDefinition/ig-page-name","valueUrl":"StructureDefinition-observation-oct-rnfl.html"}],"nameUrl":"StructureDefinition-observation-oct-rnfl.html","title":"OCT RFNL Observations","generation":"generated"},{"extension":[{"url":"http://hl7.org/fhir/tools/StructureDefinition/ig-page-name","valueUrl":"StructureDefinition-observation-visual-acuity-version-three.html"}],"nameUrl":"StructureDefinition-observation-visual-acuity-version-three.html","title":"Visual Acuity (VA) V3","generation":"generated"},{"extension":[{"url":"http://hl7.org/fhir/tools/StructureDefinition/ig-page-name","valueUrl":"StructureDefinition-observation-visual-acuity-version-two.html"}],"nameUrl":"StructureDefinition-observation-visual-acuity-version-two.html","title":"Visual Acuity (VA) V2","generation":"generated"},{"extension":[{"url":"http://hl7.org/fhir/tools/StructureDefinition/ig-page-name","valueUrl":"StructureDefinition-observation-visual-acuity.html"}],"nameUrl":"StructureDefinition-observation-visual-acuity.html","title":"Visual Acuity (VA)","generation":"generated"},{"extension":[{"url":"http://hl7.org/fhir/tools/StructureDefinition/ig-page-name","valueUrl":"StructureDefinition-observation-visual-field.html"}],"nameUrl":"StructureDefinition-observation-visual-field.html","title":"VF Observations","generation":"generated"},{"extension":[{"url":"http://hl7.org/fhir/tools/StructureDefinition/ig-page-name","valueUrl":"StructureDefinition-LensDuringVATestSpecification.html"}],"nameUrl":"StructureDefinition-LensDuringVATestSpecification.html","generation":"generated"},{"extension":[{"url":"http://hl7.org/fhir/tools/StructureDefinition/ig-page-name","valueUrl":"StructureDefinition-OwnLensDuringVATestSpecification.html"}],"nameUrl":"StructureDefinition-OwnLensDuringVATestSpecification.html","generation":"generated"},{"extension":[{"url":"http://hl7.org/fhir/tools/StructureDefinition/ig-page-name","valueUrl":"ValueSet-Pupil-function-confounders.html"}],"nameUrl":"ValueSet-Pupil-function-confounders.html","title":"Pupil Function Confounders","generation":"generated"},{"extension":[{"url":"http://hl7.org/fhir/tools/StructureDefinition/ig-page-name","valueUrl":"ValueSet-visual-acuity-categorical-values.html"}],"nameUrl":"ValueSet-visual-acuity-categorical-values.html","title":"Visual Acuity Categorical Values","generation":"generated"},{"extension":[{"url":"http://hl7.org/fhir/tools/StructureDefinition/ig-page-name","valueUrl":"ValueSet-body-site-eye.html"}],"nameUrl":"ValueSet-body-site-eye.html","title":"Ophthalmic anatomical location","generation":"generated"},{"extension":[{"url":"http://hl7.org/fhir/tools/StructureDefinition/ig-page-name","valueUrl":"ValueSet-conditions.html"}],"nameUrl":"ValueSet-conditions.html","title":"Ophthalmology Condition ICD10 and SNOMED codes ValueSet","generation":"generated"},{"extension":[{"url":"http://hl7.org/fhir/tools/StructureDefinition/ig-page-name","valueUrl":"ValueSet-iop-methods.html"}],"nameUrl":"ValueSet-iop-methods.html","title":"Intraocular pressure (IOP) method valueset","generation":"generated"},{"extension":[{"url":"http://hl7.org/fhir/tools/StructureDefinition/ig-page-name","valueUrl":"ValueSet-observable-entities.html"}],"nameUrl":"ValueSet-observable-entities.html","title":"Ophthalmology observations (SNOMED)","generation":"generated"},{"extension":[{"url":"http://hl7.org/fhir/tools/StructureDefinition/ig-page-name","valueUrl":"ValueSet-observation-final-status.html"}],"nameUrl":"ValueSet-observation-final-status.html","title":"Observation Status","generation":"generated"},{"extension":[{"url":"http://hl7.org/fhir/tools/StructureDefinition/ig-page-name","valueUrl":"ValueSet-observation-oct-macula.html"}],"nameUrl":"ValueSet-observation-oct-macula.html","title":"OCT Macula Observable Entities ValueSet","generation":"generated"},{"extension":[{"url":"http://hl7.org/fhir/tools/StructureDefinition/ig-page-name","valueUrl":"ValueSet-observation-oct-rnfl.html"}],"nameUrl":"ValueSet-observation-oct-rnfl.html","title":"OCT RNFL Observable Entities ValueSet","generation":"generated"},{"extension":[{"url":"http://hl7.org/fhir/tools/StructureDefinition/ig-page-name","valueUrl":"ValueSet-observation-visual-acuity.html"}],"nameUrl":"ValueSet-observation-visual-acuity.html","title":"Visual acuity method valueset (SNOMED)","generation":"generated"},{"extension":[{"url":"http://hl7.org/fhir/tools/StructureDefinition/ig-page-name","valueUrl":"ValueSet-observation-visual-field.html"}],"nameUrl":"ValueSet-observation-visual-field.html","title":"Visual Field Observable Entities ValueSet","generation":"generated"},{"extension":[{"url":"http://hl7.org/fhir/tools/StructureDefinition/ig-page-name","valueUrl":"ValueSet-optotype-presentation.html"}],"nameUrl":"ValueSet-optotype-presentation.html","title":"Optotype Presentation ValueSet","generation":"generated"},{"extension":[{"url":"http://hl7.org/fhir/tools/StructureDefinition/ig-page-name","valueUrl":"ValueSet-optotypes.html"}],"nameUrl":"ValueSet-optotypes.html","title":"Optotype ValueSet","generation":"generated"},{"extension":[{"url":"http://hl7.org/fhir/tools/StructureDefinition/ig-page-name","valueUrl":"ValueSet-pinhole-occluder-usage.html"}],"nameUrl":"ValueSet-pinhole-occluder-usage.html","title":"Pinhole Occluder Usage Values","generation":"generated"},{"extension":[{"url":"http://hl7.org/fhir/tools/StructureDefinition/ig-page-name","valueUrl":"ValueSet-procedures.html"}],"nameUrl":"ValueSet-procedures.html","title":"Ophthalmology Procedures Valueset","generation":"generated"},{"extension":[{"url":"http://hl7.org/fhir/tools/StructureDefinition/ig-page-name","valueUrl":"ValueSet-qualifiers.html"}],"nameUrl":"ValueSet-qualifiers.html","title":"Ophthalmic anatomical location qualifiers","generation":"generated"},{"extension":[{"url":"http://hl7.org/fhir/tools/StructureDefinition/ig-page-name","valueUrl":"ValueSet-right-left-both-eyes.html"}],"nameUrl":"ValueSet-right-left-both-eyes.html","title":"ValueSet-right-left-both-eyes","generation":"generated"},{"extension":[{"url":"http://hl7.org/fhir/tools/StructureDefinition/ig-page-name","valueUrl":"ValueSet-room-brightness-levels.html"}],"nameUrl":"ValueSet-room-brightness-levels.html","title":"Room Brightness Levels","generation":"generated"},{"extension":[{"url":"http://hl7.org/fhir/tools/StructureDefinition/ig-page-name","valueUrl":"ValueSet-special-va-testing-parameters.html"}],"nameUrl":"ValueSet-special-va-testing-parameters.html","title":"Special VA testing Parameters","generation":"generated"},{"extension":[{"url":"http://hl7.org/fhir/tools/StructureDefinition/ig-page-name","valueUrl":"ValueSet-visual-acuity-correction-methods-with-sl.html"}],"nameUrl":"ValueSet-visual-acuity-correction-methods-with-sl.html","title":"Visual Acuity Correction Methods","generation":"generated"},{"extension":[{"url":"http://hl7.org/fhir/tools/StructureDefinition/ig-page-name","valueUrl":"ValueSet-visual-acuity-correction-methods.html"}],"nameUrl":"ValueSet-visual-acuity-correction-methods.html","title":"Visual Acuity Correction Methods","generation":"generated"},{"extension":[{"url":"http://hl7.org/fhir/tools/StructureDefinition/ig-page-name","valueUrl":"ValueSet-observation-visual-acuity-methods.html"}],"nameUrl":"ValueSet-observation-visual-acuity-methods.html","title":"Visual Acuity Measurement Methods valueset","generation":"generated"},{"extension":[{"url":"http://hl7.org/fhir/tools/StructureDefinition/ig-page-name","valueUrl":"ValueSet-visual-acuity-quantity-units.html"}],"nameUrl":"ValueSet-visual-acuity-quantity-units.html","title":"Visual Acuity Quantity Units","generation":"generated"},{"extension":[{"url":"http://hl7.org/fhir/tools/StructureDefinition/ig-page-name","valueUrl":"ValueSet-visual-acuity-test-distance.html"}],"nameUrl":"ValueSet-visual-acuity-test-distance.html","title":"Visual Acuity Test Distance","generation":"generated"},{"extension":[{"url":"http://hl7.org/fhir/tools/StructureDefinition/ig-page-name","valueUrl":"ValueSet-Pupil-Diameter-Comparison.html"}],"nameUrl":"ValueSet-Pupil-Diameter-Comparison.html","title":"Pupil-Diameter-Comparison","generation":"generated"},{"extension":[{"url":"http://hl7.org/fhir/tools/StructureDefinition/ig-page-name","valueUrl":"ValueSet-lens-types.html"}],"nameUrl":"ValueSet-lens-types.html","title":"Lens Types","generation":"generated"},{"extension":[{"url":"http://hl7.org/fhir/tools/StructureDefinition/ig-page-name","valueUrl":"ValueSet-pupi-testing-active-substances.html"}],"nameUrl":"ValueSet-pupi-testing-active-substances.html","title":"Pupil Testing Active Substances","generation":"generated"},{"extension":[{"url":"http://hl7.org/fhir/tools/StructureDefinition/ig-page-name","valueUrl":"ValueSet-right-left-eyes.html"}],"nameUrl":"ValueSet-right-left-eyes.html","title":"ValueSet-right-left-eyes","generation":"generated"},{"extension":[{"url":"http://hl7.org/fhir/tools/StructureDefinition/ig-page-name","valueUrl":"CodeSystem-custom-codes-to-be-submitted-to-SNOMED-or-LOINC.html"}],"nameUrl":"CodeSystem-custom-codes-to-be-submitted-to-SNOMED-or-LOINC.html","title":"Codes which were needed, but not found in SNOMED or LOINC, will be submitted there","generation":"generated"},{"extension":[{"url":"http://hl7.org/fhir/tools/StructureDefinition/ig-page-name","valueUrl":"CodeSystem-iop-methods.html"}],"nameUrl":"CodeSystem-iop-methods.html","title":"IOP Methods Code System","generation":"generated"},{"extension":[{"url":"http://hl7.org/fhir/tools/StructureDefinition/ig-page-name","valueUrl":"CodeSystem-qualifiers.html"}],"nameUrl":"CodeSystem-qualifiers.html","title":"Body Structure Qualifiers","generation":"generated"},{"extension":[{"url":"http://hl7.org/fhir/tools/StructureDefinition/ig-page-name","valueUrl":"CodeSystem-visual-field-observations.html"}],"nameUrl":"CodeSystem-visual-field-observations.html","title":"Visual field test parameter observations","generation":"generated"},{"extension":[{"url":"http://hl7.org/fhir/tools/StructureDefinition/ig-page-name","valueUrl":"BodyStructure-bodystructure-right-eye.html"}],"nameUrl":"BodyStructure-bodystructure-right-eye.html","title":"Right Eye Body Structure","generation":"generated"},{"extension":[{"url":"http://hl7.org/fhir/tools/StructureDefinition/ig-page-name","valueUrl":"BodyStructure-bodystructure-left-eye.html"}],"nameUrl":"BodyStructure-bodystructure-left-eye.html","title":"Left Eye Body Structure","generation":"generated"},{"extension":[{"url":"http://hl7.org/fhir/tools/StructureDefinition/ig-page-name","valueUrl":"Practitioner-ophthal-practitioner-example-0.html"}],"nameUrl":"Practitioner-ophthal-practitioner-example-0.html","title":"Practitioner Example","generation":"generated"},{"extension":[{"url":"http://hl7.org/fhir/tools/StructureDefinition/ig-page-name","valueUrl":"Patient-ophthal-patient-example-0.html"}],"nameUrl":"Patient-ophthal-patient-example-0.html","title":"Patient Example","generation":"generated"},{"extension":[{"url":"http://hl7.org/fhir/tools/StructureDefinition/ig-page-name","valueUrl":"Media-visual-field-le-0.html"}],"nameUrl":"Media-visual-field-le-0.html","title":"Media Example","generation":"generated"},{"extension":[{"url":"http://hl7.org/fhir/tools/StructureDefinition/ig-page-name","valueUrl":"Media-visual-field-re-0.html"}],"nameUrl":"Media-visual-field-re-0.html","title":"Media Example","generation":"generated"},{"extension":[{"url":"http://hl7.org/fhir/tools/StructureDefinition/ig-page-name","valueUrl":"Observation-posteriorsegment-example.html"}],"nameUrl":"Observation-posteriorsegment-example.html","title":"Example Observation - posteriorsegment-example","generation":"generated"},{"extension":[{"url":"http://hl7.org/fhir/tools/StructureDefinition/ig-page-name","valueUrl":"Observation-va-observation-v2-example-patient-1-with-overrefraction.html"}],"nameUrl":"Observation-va-observation-v2-example-patient-1-with-overrefraction.html","title":"Example Observation - va-observation-v2-example-patient-1-with-overrefraction","generation":"generated"},{"extension":[{"url":"http://hl7.org/fhir/tools/StructureDefinition/ig-page-name","valueUrl":"Observation-va-observation-v2-example-patient-1-without-overrefraction.html"}],"nameUrl":"Observation-va-observation-v2-example-patient-1-without-overrefraction.html","title":"Example Observation - va-observation-v2-example-patient-1-without-overrefraction","generation":"generated"},{"extension":[{"url":"http://hl7.org/fhir/tools/StructureDefinition/ig-page-name","valueUrl":"Observation-va-measurement-example-patient-2-bino-50cm-with-od-contactlens.html"}],"nameUrl":"Observation-va-measurement-example-patient-2-bino-50cm-with-od-contactlens.html","title":"Example Observation - va-measurement-example-patient-2-bino-50cm-with-od-contactlens","generation":"generated"},{"extension":[{"url":"http://hl7.org/fhir/tools/StructureDefinition/ig-page-name","valueUrl":"Observation-va-measurement-example-patient-1-with-overrefraction-v3.html"}],"nameUrl":"Observation-va-measurement-example-patient-1-with-overrefraction-v3.html","title":"Example Observation - va-measurement-example-patient-1-with-overrefraction-v3","generation":"generated"},{"extension":[{"url":"http://hl7.org/fhir/tools/StructureDefinition/ig-page-name","valueUrl":"Observation-va-measurement-example-patient-1-without-overrefraction-v3.html"}],"nameUrl":"Observation-va-measurement-example-patient-1-without-overrefraction-v3.html","title":"Example Observation - va-measurement-example-patient-1-without-overrefraction-v3","generation":"generated"},{"extension":[{"url":"http://hl7.org/fhir/tools/StructureDefinition/ig-page-name","valueUrl":"Observation-va-measurement-experiment.html"}],"nameUrl":"Observation-va-measurement-experiment.html","title":"Example Observation - va-measurement-experiment","generation":"generated"},{"extension":[{"url":"http://hl7.org/fhir/tools/StructureDefinition/ig-page-name","valueUrl":"Observation-pupil-comparison-1.html"}],"nameUrl":"Observation-pupil-comparison-1.html","title":"Example Observation - pupil-comparison-1","generation":"generated"},{"extension":[{"url":"http://hl7.org/fhir/tools/StructureDefinition/ig-page-name","valueUrl":"Observation-pupil-comparison-2.html"}],"nameUrl":"Observation-pupil-comparison-2.html","title":"Example Observation - pupil-comparison-2","generation":"generated"},{"extension":[{"url":"http://hl7.org/fhir/tools/StructureDefinition/ig-page-name","valueUrl":"Observation-pupil-comparison-3.html"}],"nameUrl":"Observation-pupil-comparison-3.html","title":"Example Observation - pupil-comparison-3","generation":"generated"},{"extension":[{"url":"http://hl7.org/fhir/tools/StructureDefinition/ig-page-name","valueUrl":"Observation-pupil-comparison-4.html"}],"nameUrl":"Observation-pupil-comparison-4.html","title":"Example Observation - pupil-comparison-4","generation":"generated"},{"extension":[{"url":"http://hl7.org/fhir/tools/StructureDefinition/ig-page-name","valueUrl":"Observation-pupil-diameter-left-eye-1.html"}],"nameUrl":"Observation-pupil-diameter-left-eye-1.html","title":"Example Observation - pupil-diameter-left-eye-1","generation":"generated"},{"extension":[{"url":"http://hl7.org/fhir/tools/StructureDefinition/ig-page-name","valueUrl":"Observation-pupil-diameter-left-eye-2.html"}],"nameUrl":"Observation-pupil-diameter-left-eye-2.html","title":"Example Observation - pupil-diameter-left-eye-2","generation":"generated"},{"extension":[{"url":"http://hl7.org/fhir/tools/StructureDefinition/ig-page-name","valueUrl":"Observation-pupil-diameter-left-eye-3.html"}],"nameUrl":"Observation-pupil-diameter-left-eye-3.html","title":"Example Observation - pupil-diameter-left-eye-3","generation":"generated"},{"extension":[{"url":"http://hl7.org/fhir/tools/StructureDefinition/ig-page-name","valueUrl":"Observation-pupil-diameter-left-eye-4.html"}],"nameUrl":"Observation-pupil-diameter-left-eye-4.html","title":"Example Observation - pupil-diameter-left-eye-4","generation":"generated"},{"extension":[{"url":"http://hl7.org/fhir/tools/StructureDefinition/ig-page-name","valueUrl":"Observation-pupil-diameter-right-eye-1.html"}],"nameUrl":"Observation-pupil-diameter-right-eye-1.html","title":"Example Observation - pupil-diameter-right-eye-1","generation":"generated"},{"extension":[{"url":"http://hl7.org/fhir/tools/StructureDefinition/ig-page-name","valueUrl":"Observation-pupil-diameter-right-eye-2.html"}],"nameUrl":"Observation-pupil-diameter-right-eye-2.html","title":"Example Observation - pupil-diameter-right-eye-2","generation":"generated"},{"extension":[{"url":"http://hl7.org/fhir/tools/StructureDefinition/ig-page-name","valueUrl":"Observation-pupil-diameter-right-eye-3.html"}],"nameUrl":"Observation-pupil-diameter-right-eye-3.html","title":"Example Observation - pupil-diameter-right-eye-3","generation":"generated"},{"extension":[{"url":"http://hl7.org/fhir/tools/StructureDefinition/ig-page-name","valueUrl":"Observation-pupil-diameter-right-eye-4.html"}],"nameUrl":"Observation-pupil-diameter-right-eye-4.html","title":"Example Observation - pupil-diameter-right-eye-4","generation":"generated"},{"extension":[{"url":"http://hl7.org/fhir/tools/StructureDefinition/ig-page-name","valueUrl":"DiagnosticReport-pupillomotoric-report-1.html"}],"nameUrl":"DiagnosticReport-pupillomotoric-report-1.html","title":"Example DiagnosticReport - pupillomotoric-report-1","generation":"generated"},{"extension":[{"url":"http://hl7.org/fhir/tools/StructureDefinition/ig-page-name","valueUrl":"BodyStructure-bodystructure-right-eye-6oclock.html"}],"nameUrl":"BodyStructure-bodystructure-right-eye-6oclock.html","generation":"generated"},{"extension":[{"url":"http://hl7.org/fhir/tools/StructureDefinition/ig-page-name","valueUrl":"Condition-condition-ophthal-glaucoma.html"}],"nameUrl":"Condition-condition-ophthal-glaucoma.html","generation":"generated"},{"extension":[{"url":"http://hl7.org/fhir/tools/StructureDefinition/ig-page-name","valueUrl":"DiagnosticReport-diagnostic-report-visual-field-test-re-0.html"}],"nameUrl":"DiagnosticReport-diagnostic-report-visual-field-test-re-0.html","generation":"generated"},{"extension":[{"url":"http://hl7.org/fhir/tools/StructureDefinition/ig-page-name","valueUrl":"DiagnosticReport-diagnostic-report-visual-field-test-le-0.html"}],"nameUrl":"DiagnosticReport-diagnostic-report-visual-field-test-le-0.html","generation":"generated"},{"extension":[{"url":"http://hl7.org/fhir/tools/StructureDefinition/ig-page-name","valueUrl":"Observation-observation-iop-goldman-re-0.html"}],"nameUrl":"Observation-observation-iop-goldman-re-0.html","generation":"generated"},{"extension":[{"url":"http://hl7.org/fhir/tools/StructureDefinition/ig-page-name","valueUrl":"Observation-observation-iop-goldman-le-0.html"}],"nameUrl":"Observation-observation-iop-goldman-le-0.html","generation":"generated"},{"extension":[{"url":"http://hl7.org/fhir/tools/StructureDefinition/ig-page-name","valueUrl":"Observation-observation-iop-icare-home-re-0.html"}],"nameUrl":"Observation-observation-iop-icare-home-re-0.html","generation":"generated"},{"extension":[{"url":"http://hl7.org/fhir/tools/StructureDefinition/ig-page-name","valueUrl":"Observation-observation-iop-icare-home-le-0.html"}],"nameUrl":"Observation-observation-iop-icare-home-le-0.html","generation":"generated"},{"extension":[{"url":"http://hl7.org/fhir/tools/StructureDefinition/ig-page-name","valueUrl":"Observation-observation-refraction-re-0.html"}],"nameUrl":"Observation-observation-refraction-re-0.html","generation":"generated"},{"extension":[{"url":"http://hl7.org/fhir/tools/StructureDefinition/ig-page-name","valueUrl":"Observation-observation-refraction-le-0.html"}],"nameUrl":"Observation-observation-refraction-le-0.html","generation":"generated"},{"extension":[{"url":"http://hl7.org/fhir/tools/StructureDefinition/ig-page-name","valueUrl":"Observation-vf-false-positives-re-0.html"}],"nameUrl":"Observation-vf-false-positives-re-0.html","generation":"generated"},{"extension":[{"url":"http://hl7.org/fhir/tools/StructureDefinition/ig-page-name","valueUrl":"Observation-vf-false-positives-le-0.html"}],"nameUrl":"Observation-vf-false-positives-le-0.html","generation":"generated"},{"extension":[{"url":"http://hl7.org/fhir/tools/StructureDefinition/ig-page-name","valueUrl":"Observation-vf-fixation-loss-re-0.html"}],"nameUrl":"Observation-vf-fixation-loss-re-0.html","generation":"generated"},{"extension":[{"url":"http://hl7.org/fhir/tools/StructureDefinition/ig-page-name","valueUrl":"Observation-vf-fixation-loss-le-0.html"}],"nameUrl":"Observation-vf-fixation-loss-le-0.html","generation":"generated"},{"extension":[{"url":"http://hl7.org/fhir/tools/StructureDefinition/ig-page-name","valueUrl":"Observation-vf-mean-deviation-re-0.html"}],"nameUrl":"Observation-vf-mean-deviation-re-0.html","generation":"generated"},{"extension":[{"url":"http://hl7.org/fhir/tools/StructureDefinition/ig-page-name","valueUrl":"Observation-vf-mean-deviation-le-0.html"}],"nameUrl":"Observation-vf-mean-deviation-le-0.html","generation":"generated"},{"extension":[{"url":"http://hl7.org/fhir/tools/StructureDefinition/ig-page-name","valueUrl":"Observation-vf-pattern-standard-deviation-re-0.html"}],"nameUrl":"Observation-vf-pattern-standard-deviation-re-0.html","generation":"generated"},{"extension":[{"url":"http://hl7.org/fhir/tools/StructureDefinition/ig-page-name","valueUrl":"Observation-vf-pattern-standard-deviation-le-0.html"}],"nameUrl":"Observation-vf-pattern-standard-deviation-le-0.html","generation":"generated"},{"extension":[{"url":"http://hl7.org/fhir/tools/StructureDefinition/ig-page-name","valueUrl":"Observation-vf-test-duration-re-0.html"}],"nameUrl":"Observation-vf-test-duration-re-0.html","generation":"generated"},{"extension":[{"url":"http://hl7.org/fhir/tools/StructureDefinition/ig-page-name","valueUrl":"Observation-vf-test-duration-le-0.html"}],"nameUrl":"Observation-vf-test-duration-le-0.html","generation":"generated"},{"extension":[{"url":"http://hl7.org/fhir/tools/StructureDefinition/ig-page-name","valueUrl":"Procedure-perimetry-24-2-perimetry-test.html"}],"nameUrl":"Procedure-perimetry-24-2-perimetry-test.html","generation":"generated"}]}]},"parameter":[{"code":"path-resource","value":"input/capabilities"},{"code":"path-resource","value":"input/examples"},{"code":"path-resource","value":"input/extensions"},{"code":"path-resource","value":"input/models"},{"code":"path-resource","value":"input/operations"},{"code":"path-resource","value":"input/profiles"},{"code":"path-resource","value":"input/resources"},{"code":"path-resource","value":"input/vocabulary"},{"code":"path-resource","value":"input/maps"},{"code":"path-resource","value":"input/testing"},{"code":"path-resource","value":"input/history"},{"code":"path-resource","value":"fsh-generated/resources"},{"code":"path-pages","value":"template/config"},{"code":"path-pages","value":"input/images"},{"code":"path-tx-cache","value":"input-cache/txcache"}]}}