{"resourceType":"ValueSet","id":"observation-oct-rnfl","text":{"status":"generated","div":"<div xmlns=\"http://www.w3.org/1999/xhtml\"><p class=\"res-header-id\"><b>Generated Narrative: ValueSet observation-oct-rnfl</b></p><a name=\"observation-oct-rnfl\"> </a><a name=\"hcobservation-oct-rnfl\"> </a><a name=\"observation-oct-rnfl-en-US\"> </a><ul><li>Include these codes as defined in <a href=\"http://loinc.org\"><code>http://loinc.org</code></a><table class=\"none\"><tr><td style=\"white-space:nowrap\"><b>Code</b></td><td><b>Display</b></td></tr><tr><td><a href=\"https://loinc.org/86287-0/\">86287-0</a></td><td>Right retina Retinal nerve fiber layer.inferior temporal thickness by OCT</td></tr><tr><td><a href=\"https://loinc.org/86289-6/\">86289-6</a></td><td>Left retina Retinal nerve fiber layer.inferior temporal thickness by OCT</td></tr><tr><td><a href=\"https://loinc.org/86283-9/\">86283-9</a></td><td>Right retina Retinal nerve fiber layer.inferior thickness by OCT</td></tr><tr><td><a href=\"https://loinc.org/86288-8/\">86288-8</a></td><td>Left retina Retinal nerve fiber layer.inferior thickness by OCT</td></tr><tr><td><a href=\"https://loinc.org/86290-4/\">86290-4</a></td><td>Left retina Retinal nerve fiber layer.mean thickness by OCT</td></tr><tr><td><a href=\"https://loinc.org/86301-9/\">86301-9</a></td><td>Right retina Retinal nerve fiber layer.mean thickness by OCT</td></tr><tr><td><a href=\"https://loinc.org/86272-2/\">86272-2</a></td><td>Left retina Retinal nerve fiber layer.nasal inferior thickness by OCT</td></tr><tr><td><a href=\"https://loinc.org/86282-1/\">86282-1</a></td><td>Right retina Retinal nerve fiber layer.nasal inferior thickness by OCT</td></tr><tr><td><a href=\"https://loinc.org/86280-5/\">86280-5</a></td><td>Right retina Retinal nerve fiber layer.nasal superior thickness by OCT</td></tr><tr><td><a href=\"https://loinc.org/86281-3/\">86281-3</a></td><td>Left retina Retinal nerve fiber layer.nasal superior thickness by OCT</td></tr><tr><td><a href=\"https://loinc.org/86279-7/\">86279-7</a></td><td>Left retina Retinal nerve fiber layer.nasal thickness by OCT</td></tr><tr><td><a href=\"https://loinc.org/86284-7/\">86284-7</a></td><td>Right retina Retinal nerve fiber layer.nasal thickness by OCT</td></tr><tr><td><a href=\"https://loinc.org/86276-3/\">86276-3</a></td><td>Right retina Retinal nerve fiber layer.superior thickness by OCT</td></tr><tr><td><a href=\"https://loinc.org/86277-1/\">86277-1</a></td><td>Left retina Retinal nerve fiber layer.superior thickness by OCT</td></tr><tr><td><a href=\"https://loinc.org/86274-8/\">86274-8</a></td><td>Right retina Retinal nerve fiber layer.temporal superior thickness by OCT</td></tr><tr><td><a href=\"https://loinc.org/86275-5/\">86275-5</a></td><td>Left retina Retinal nerve fiber layer.temporal superior thickness by OCT</td></tr><tr><td><a href=\"https://loinc.org/86273-0/\">86273-0</a></td><td>Right retina Retinal nerve fiber layer.temporal thickness by OCT</td></tr><tr><td><a href=\"https://loinc.org/86278-9/\">86278-9</a></td><td>Left retina Retinal nerve fiber layer.temporal thickness by OCT</td></tr><tr><td><a href=\"https://loinc.org/86293-8/\">86293-8</a></td><td>Left retina Retinal nerve fiber layer.clock hour 1 thickness by OCT</td></tr><tr><td><a href=\"https://loinc.org/86305-0/\">86305-0</a></td><td>Right retina Retinal nerve fiber layer.clock hour 1 thickness by OCT</td></tr><tr><td><a href=\"https://loinc.org/86294-6/\">86294-6</a></td><td>Left retina Retinal nerve fiber layer.clock hour 2 thickness by OCT</td></tr><tr><td><a href=\"https://loinc.org/86306-8/\">86306-8</a></td><td>Right retina Retinal nerve fiber layer.clock hour 2 thickness by OCT</td></tr><tr><td><a href=\"https://loinc.org/86295-3/\">86295-3</a></td><td>Left retina Retinal nerve fiber layer.clock hour 3 thickness by OCT</td></tr><tr><td><a href=\"https://loinc.org/86307-6/\">86307-6</a></td><td>Right retina Retinal nerve fiber layer.clock hour 3 thickness by OCT</td></tr><tr><td><a href=\"https://loinc.org/86296-1/\">86296-1</a></td><td>Left retina Retinal nerve fiber layer.clock hour 4 thickness by OCT</td></tr><tr><td><a href=\"https://loinc.org/86308-4/\">86308-4</a></td><td>Right retina Retinal nerve fiber layer.clock hour 4 thickness by OCT</td></tr><tr><td><a href=\"https://loinc.org/86297-9/\">86297-9</a></td><td>Left retina Retinal nerve fiber layer.clock hour 5 thickness by OCT</td></tr><tr><td><a href=\"https://loinc.org/86309-2/\">86309-2</a></td><td>Right retina Retinal nerve fiber layer.clock hour 5 thickness by OCT</td></tr><tr><td><a href=\"https://loinc.org/86298-7/\">86298-7</a></td><td>Left retina Retinal nerve fiber layer.clock hour 6 thickness by OCT</td></tr><tr><td><a href=\"https://loinc.org/86310-0/\">86310-0</a></td><td>Right retina Retinal nerve fiber layer.clock hour 6 thickness by OCT</td></tr><tr><td><a href=\"https://loinc.org/86299-5/\">86299-5</a></td><td>Left retina Retinal nerve fiber layer.clock hour 7 thickness by OCT</td></tr><tr><td><a href=\"https://loinc.org/86311-8/\">86311-8</a></td><td>Right retina Retinal nerve fiber layer.clock hour 7 thickness by OCT</td></tr><tr><td><a href=\"https://loinc.org/86300-1/\">86300-1</a></td><td>Left retina Retinal nerve fiber layer.clock hour 8 thickness by OCT</td></tr><tr><td><a href=\"https://loinc.org/86312-6/\">86312-6</a></td><td>Right retina Retinal nerve fiber layer.clock hour 8 thickness by OCT</td></tr><tr><td><a href=\"https://loinc.org/86286-2/\">86286-2</a></td><td>Left retina Retinal nerve fiber layer.clock hour 9 thickness by OCT</td></tr><tr><td><a href=\"https://loinc.org/86313-4/\">86313-4</a></td><td>Right retina Retinal nerve fiber layer.clock hour 9 thickness by OCT</td></tr><tr><td><a href=\"https://loinc.org/86302-7/\">86302-7</a></td><td>Left retina Retinal nerve fiber layer.clock hour 10 thickness by OCT</td></tr><tr><td><a href=\"https://loinc.org/86314-2/\">86314-2</a></td><td>Right retina Retinal nerve fiber layer.clock hour 10 thickness by OCT</td></tr><tr><td><a href=\"https://loinc.org/86303-5/\">86303-5</a></td><td>Left retina Retinal nerve fiber layer.clock hour 11 thickness by OCT</td></tr><tr><td><a href=\"https://loinc.org/86315-9/\">86315-9</a></td><td>Right retina Retinal nerve fiber layer.clock hour 11 thickness by OCT</td></tr><tr><td><a href=\"https://loinc.org/86304-3/\">86304-3</a></td><td>Right retina Retinal nerve fiber layer.clock hour 12 thickness by OCT</td></tr><tr><td><a href=\"https://loinc.org/86292-0/\">86292-0</a></td><td>Left retina Retinal nerve fiber layer.clock hour 12 thickness by OCT</td></tr></table></li></ul></div>"},"url":"http://terminology.hl7.org/uv/eyecare/ValueSet/observation-oct-rnfl","version":"0.1.0","name":"OphthalmologyOCTRNFLObservableEntitiesValueSet","title":"OCT RNFL Observable Entities ValueSet","status":"active","experimental":true,"date":"2019-05-01","publisher":"Lars Fuhrmann","contact":[{"name":"Lars Fuhrmann","telecom":[{"system":"url","value":"https://larfuma.github.io/fhir-eyecare-ig/"},{"system":"email","value":"fuhr.lars@gmail.com"}]}],"description":"OCT RNFL observations coding","jurisdiction":[{"coding":[{"system":"http://unstats.un.org/unsd/methods/m49/m49.htm","code":"276"}]}],"copyright":"This material contains content from LOINC (http://loinc.org). LOINC is copyright © 1995-2020, Regenstrief Institute, Inc. and the Logical Observation Identifiers Names and Codes (LOINC) Committee and is available at no cost under the license at http://loinc.org/license. LOINC® is a registered United States trademark of Regenstrief Institute, Inc","compose":{"include":[{"system":"http://loinc.org","concept":[{"code":"86287-0","display":"Right retina Retinal nerve fiber layer.inferior temporal thickness by OCT"},{"code":"86289-6","display":"Left retina Retinal nerve fiber layer.inferior temporal thickness by OCT"},{"code":"86283-9","display":"Right retina Retinal nerve fiber layer.inferior thickness by OCT"},{"code":"86288-8","display":"Left retina Retinal nerve fiber layer.inferior thickness by OCT"},{"code":"86290-4","display":"Left retina Retinal nerve fiber layer.mean thickness by OCT"},{"code":"86301-9","display":"Right retina Retinal nerve fiber layer.mean thickness by OCT"},{"code":"86272-2","display":"Left retina Retinal nerve fiber layer.nasal inferior thickness by OCT"},{"code":"86282-1","display":"Right retina Retinal nerve fiber layer.nasal inferior thickness by OCT"},{"code":"86280-5","display":"Right retina Retinal nerve fiber layer.nasal superior thickness by OCT"},{"code":"86281-3","display":"Left retina Retinal nerve fiber layer.nasal superior thickness by OCT"},{"code":"86279-7","display":"Left retina Retinal nerve fiber layer.nasal thickness by OCT"},{"code":"86284-7","display":"Right retina Retinal nerve fiber layer.nasal thickness by OCT"},{"code":"86276-3","display":"Right retina Retinal nerve fiber layer.superior thickness by OCT"},{"code":"86277-1","display":"Left retina Retinal nerve fiber layer.superior thickness by OCT"},{"code":"86274-8","display":"Right retina Retinal nerve fiber layer.temporal superior thickness by OCT"},{"code":"86275-5","display":"Left retina Retinal nerve fiber layer.temporal superior thickness by OCT"},{"code":"86273-0","display":"Right retina Retinal nerve fiber layer.temporal thickness by OCT"},{"code":"86278-9","display":"Left retina Retinal nerve fiber layer.temporal thickness by OCT"},{"code":"86293-8","display":"Left retina Retinal nerve fiber layer.clock hour 1 thickness by OCT"},{"code":"86305-0","display":"Right retina Retinal nerve fiber layer.clock hour 1 thickness by OCT"},{"code":"86294-6","display":"Left retina Retinal nerve fiber layer.clock hour 2 thickness by OCT"},{"code":"86306-8","display":"Right retina Retinal nerve fiber layer.clock hour 2 thickness by OCT"},{"code":"86295-3","display":"Left retina Retinal nerve fiber layer.clock hour 3 thickness by OCT"},{"code":"86307-6","display":"Right retina Retinal nerve fiber layer.clock hour 3 thickness by OCT"},{"code":"86296-1","display":"Left retina Retinal nerve fiber layer.clock hour 4 thickness by OCT"},{"code":"86308-4","display":"Right retina Retinal nerve fiber layer.clock hour 4 thickness by OCT"},{"code":"86297-9","display":"Left retina Retinal nerve fiber layer.clock hour 5 thickness by OCT"},{"code":"86309-2","display":"Right retina Retinal nerve fiber layer.clock hour 5 thickness by OCT"},{"code":"86298-7","display":"Left retina Retinal nerve fiber layer.clock hour 6 thickness by OCT"},{"code":"86310-0","display":"Right retina Retinal nerve fiber layer.clock hour 6 thickness by OCT"},{"code":"86299-5","display":"Left retina Retinal nerve fiber layer.clock hour 7 thickness by OCT"},{"code":"86311-8","display":"Right retina Retinal nerve fiber layer.clock hour 7 thickness by OCT"},{"code":"86300-1","display":"Left retina Retinal nerve fiber layer.clock hour 8 thickness by OCT"},{"code":"86312-6","display":"Right retina Retinal nerve fiber layer.clock hour 8 thickness by OCT"},{"code":"86286-2","display":"Left retina Retinal nerve fiber layer.clock hour 9 thickness by OCT"},{"code":"86313-4","display":"Right retina Retinal nerve fiber layer.clock hour 9 thickness by OCT"},{"code":"86302-7","display":"Left retina Retinal nerve fiber layer.clock hour 10 thickness by OCT"},{"code":"86314-2","display":"Right retina Retinal nerve fiber layer.clock hour 10 thickness by OCT"},{"code":"86303-5","display":"Left retina Retinal nerve fiber layer.clock hour 11 thickness by OCT"},{"code":"86315-9","display":"Right retina Retinal nerve fiber layer.clock hour 11 thickness by OCT"},{"code":"86304-3","display":"Right retina Retinal nerve fiber layer.clock hour 12 thickness by OCT"},{"code":"86292-0","display":"Left retina Retinal nerve fiber layer.clock hour 12 thickness by OCT"}]}]}}