{"resourceType":"ValueSet","id":"observable-entities","text":{"status":"generated","div":"<div xmlns=\"http://www.w3.org/1999/xhtml\"><p class=\"res-header-id\"><b>Generated Narrative: ValueSet observable-entities</b></p><a name=\"observable-entities\"> </a><a name=\"hcobservable-entities\"> </a><a name=\"observable-entities-en-US\"> </a><ul><li>Include codes from<a href=\"http://www.snomed.org/\"><code>http://snomed.info/sct</code></a> where concept  descends from 363926002 (Eye/vision observable (observable entity))</li></ul></div>"},"url":"http://terminology.hl7.org/uv/eyecare/ValueSet/observable-entities","version":"0.1.0","name":"OphthalmologyObservableEntitiesValueSet","title":"Ophthalmology observations (SNOMED)","status":"active","experimental":true,"date":"2019-05-01","publisher":"Lars Fuhrmann","contact":[{"name":"Lars Fuhrmann","telecom":[{"system":"url","value":"https://larfuma.github.io/fhir-eyecare-ig/"},{"system":"email","value":"fuhr.lars@gmail.com"}]}],"description":"Concept descends from 363926002 - Eye/vision observable (observable entity)","jurisdiction":[{"coding":[{"system":"http://unstats.un.org/unsd/methods/m49/m49.htm","code":"276"}]}],"copyright":"This value set includes content from SNOMED CT, which is copyright © 2002+ International Health Terminology Standards Development Organisation (IHTSDO), and distributed by agreement between IHTSDO and HL7. Implementer use of SNOMED CT is not covered by this agreement","compose":{"include":[{"system":"http://snomed.info/sct","filter":[{"property":"concept","op":"descendent-of","value":"363926002"}]}]}}