{
  "resourceType" : "BodyStructure",
  "id" : "bodystructure-left-eye",
  "meta" : {
    "profile" : ["http://hl7.org/fhir/uv/eyecare/StructureDefinition/body-structure-eye"]
  },
  "text" : {
    "status" : "generated",
    "div" : "<div xmlns=\"http://www.w3.org/1999/xhtml\"><p class=\"res-header-id\"><b>Generated Narrative: BodyStructure bodystructure-left-eye</b></p><a name=\"bodystructure-left-eye\"> </a><a name=\"hcbodystructure-left-eye\"> </a><a name=\"bodystructure-left-eye-en-US\"> </a><p><b>location</b>: <span title=\"Codes:{http://snomed.info/sct 244486005}\">Entire eye</span></p><p><b>locationQualifier</b>: <span title=\"Codes:{http://snomed.info/sct 7771000}\">Left</span></p><p><b>patient</b>: <a href=\"Patient-ophthal-patient-example-0.html\">Eve Bill Female, DoB: 1958-12-24 ( Medical Record Number:\u00a002134005)</a></p></div>"
  },
  "location" : {
    "coding" : [{
      "system" : "http://snomed.info/sct",
      "code" : "244486005",
      "display" : "Entire eye"
    }]
  },
  "locationQualifier" : [{
    "coding" : [{
      "system" : "http://snomed.info/sct",
      "code" : "7771000",
      "display" : "Left"
    }]
  }],
  "patient" : {
    "reference" : "Patient/ophthal-patient-example-0"
  }
}