{
  "resourceType" : "Condition",
  "id" : "condition-ophthal-glaucoma",
  "meta" : {
    "profile" : ["http://hl7.org/fhir/uv/eyecare/StructureDefinition/condition-base"]
  },
  "text" : {
    "status" : "generated",
    "div" : "<div xmlns=\"http://www.w3.org/1999/xhtml\"><p class=\"res-header-id\"><b>Generated Narrative: Condition condition-ophthal-glaucoma</b></p><a name=\"condition-ophthal-glaucoma\"> </a><a name=\"hccondition-ophthal-glaucoma\"> </a><a name=\"condition-ophthal-glaucoma-en-US\"> </a><p><b>clinicalStatus</b>: <span title=\"Codes:{http://terminology.hl7.org/CodeSystem/condition-clinical active}\">Active</span></p><p><b>verificationStatus</b>: <span title=\"Codes:{http://terminology.hl7.org/CodeSystem/condition-ver-status unconfirmed}\">Unconfirmed</span></p><p><b>category</b>: <span title=\"Codes:{http://terminology.hl7.org/CodeSystem/condition-category encounter-diagnosis}\">Encounter Diagnosis</span></p><p><b>code</b>: <span title=\"Codes:{http://snomed.info/sct 23986001}\">Glaucoma</span></p><p><b>subject</b>: <a href=\"Patient-ophthal-patient-example-0.html\">Eve Bill Female, DoB: 1958-12-24 ( Medical Record Number:\u00a002134005)</a></p><p><b>onset</b>: 2020-04-27 17:04:20+0400</p></div>"
  },
  "clinicalStatus" : {
    "coding" : [{
      "system" : "http://terminology.hl7.org/CodeSystem/condition-clinical",
      "code" : "active",
      "display" : "Active"
    }],
    "text" : "Active"
  },
  "verificationStatus" : {
    "coding" : [{
      "system" : "http://terminology.hl7.org/CodeSystem/condition-ver-status",
      "code" : "unconfirmed",
      "display" : "Unconfirmed"
    }]
  },
  "category" : [{
    "coding" : [{
      "system" : "http://terminology.hl7.org/CodeSystem/condition-category",
      "code" : "encounter-diagnosis",
      "display" : "Encounter Diagnosis"
    }]
  }],
  "code" : {
    "coding" : [{
      "system" : "http://snomed.info/sct",
      "code" : "23986001",
      "display" : "Glaucoma"
    }]
  },
  "subject" : {
    "reference" : "Patient/ophthal-patient-example-0"
  },
  "onsetDateTime" : "2020-04-27T17:04:20.643+04:00"
}