{
  "resourceType" : "ImplementationGuide",
  "id" : "uv-eyecare",
  "text" : {
    "status" : "generated",
    "div" : "<div xmlns=\"http://www.w3.org/1999/xhtml\"><p class=\"res-header-id\"><b>Generated Narrative: ImplementationGuide uv-eyecare</b></p><a name=\"uv-eyecare\"> </a><a name=\"hcuv-eyecare\"> </a><a name=\"uv-eyecare-en-US\"> </a><h2>OphthalmologyImplementationGuide</h2><p>The official URL for this implementation guide is: </p><pre>https://larfuma.github.io/fhir-eyecare-ig</pre><div><p>My attempts at continuing on the development of a Ophtalmologiy Implementation Guide. IMPORTANT: At the moment this IG mostly a fork of the 'Eyes on FHIR' working groups STU 1 Ballot version published here: https://hl7.org/fhir/uv/eyecare/2021Sep/index.html , with minor modifications</p>\n</div></div>"
  },
  "url" : "https://larfuma.github.io/fhir-eyecare-ig",
  "version" : "0.1.0",
  "name" : "OphthalmologyImplementationGuide",
  "title" : "Eyes back on FHIR? An experimental continuation of the Eyes on FHIR working group's HL7 FHIR® IG",
  "status" : "draft",
  "experimental" : true,
  "date" : "2024-12-31T12:44:09+00:00",
  "publisher" : "Lars Fuhrmann",
  "contact" : [{
    "name" : "Lars Fuhrmann",
    "telecom" : [{
      "system" : "url",
      "value" : "https://larfuma.github.io/fhir-eyecare-ig/"
    },
    {
      "system" : "email",
      "value" : "fuhr.lars@gmail.com"
    }]
  }],
  "description" : "My attempts at continuing on the development of a Ophtalmologiy Implementation Guide. IMPORTANT: At the moment this IG mostly a fork of the 'Eyes on FHIR' working groups STU 1 Ballot version published here: https://hl7.org/fhir/uv/eyecare/2021Sep/index.html , with minor modifications",
  "jurisdiction" : [{
    "coding" : [{
      "system" : "http://unstats.un.org/unsd/methods/m49/m49.htm",
      "code" : "276"
    }]
  }],
  "packageId" : "eyes.back.on.FHIR",
  "license" : "CC0-1.0",
  "fhirVersion" : ["4.0.1"],
  "dependsOn" : [{
    "id" : "hl7tx",
    "extension" : [{
      "url" : "http://hl7.org/fhir/tools/StructureDefinition/implementationguide-dependency-comment",
      "valueMarkdown" : "Automatically added as a dependency - all IGs depend on HL7 Terminology"
    }],
    "uri" : "http://terminology.hl7.org/ImplementationGuide/hl7.terminology",
    "packageId" : "hl7.terminology.r4",
    "version" : "6.1.0"
  },
  {
    "id" : "hl7ext",
    "extension" : [{
      "url" : "http://hl7.org/fhir/tools/StructureDefinition/implementationguide-dependency-comment",
      "valueMarkdown" : "Automatically added as a dependency - all IGs depend on the HL7 Extension Pack"
    }],
    "uri" : "http://hl7.org/fhir/extensions/ImplementationGuide/hl7.fhir.uv.extensions",
    "packageId" : "hl7.fhir.uv.extensions.r4",
    "version" : "5.1.0"
  }],
  "definition" : {
    "extension" : [{
      "extension" : [{
        "url" : "code",
        "valueString" : "copyrightyear"
      },
      {
        "url" : "value",
        "valueString" : "2024"
      }],
      "url" : "http://hl7.org/fhir/tools/StructureDefinition/ig-parameter"
    },
    {
      "extension" : [{
        "url" : "code",
        "valueString" : "releaselabel"
      },
      {
        "url" : "value",
        "valueString" : "experimental"
      }],
      "url" : "http://hl7.org/fhir/tools/StructureDefinition/ig-parameter"
    },
    {
      "extension" : [{
        "url" : "code",
        "valueString" : "jira-code"
      },
      {
        "url" : "value",
        "valueString" : "uv-eyecare"
      }],
      "url" : "http://hl7.org/fhir/tools/StructureDefinition/ig-parameter"
    },
    {
      "extension" : [{
        "url" : "code",
        "valueString" : "autoload-resources"
      },
      {
        "url" : "value",
        "valueString" : "true"
      }],
      "url" : "http://hl7.org/fhir/tools/StructureDefinition/ig-parameter"
    },
    {
      "extension" : [{
        "url" : "code",
        "valueString" : "path-liquid"
      },
      {
        "url" : "value",
        "valueString" : "template/liquid"
      }],
      "url" : "http://hl7.org/fhir/tools/StructureDefinition/ig-parameter"
    },
    {
      "extension" : [{
        "url" : "code",
        "valueString" : "path-liquid"
      },
      {
        "url" : "value",
        "valueString" : "input/liquid"
      }],
      "url" : "http://hl7.org/fhir/tools/StructureDefinition/ig-parameter"
    },
    {
      "extension" : [{
        "url" : "code",
        "valueString" : "path-qa"
      },
      {
        "url" : "value",
        "valueString" : "temp/qa"
      }],
      "url" : "http://hl7.org/fhir/tools/StructureDefinition/ig-parameter"
    },
    {
      "extension" : [{
        "url" : "code",
        "valueString" : "path-temp"
      },
      {
        "url" : "value",
        "valueString" : "temp/pages"
      }],
      "url" : "http://hl7.org/fhir/tools/StructureDefinition/ig-parameter"
    },
    {
      "extension" : [{
        "url" : "code",
        "valueString" : "path-output"
      },
      {
        "url" : "value",
        "valueString" : "output"
      }],
      "url" : "http://hl7.org/fhir/tools/StructureDefinition/ig-parameter"
    },
    {
      "extension" : [{
        "url" : "code",
        "valueString" : "path-suppressed-warnings"
      },
      {
        "url" : "value",
        "valueString" : "input/ignoreWarnings.txt"
      }],
      "url" : "http://hl7.org/fhir/tools/StructureDefinition/ig-parameter"
    },
    {
      "extension" : [{
        "url" : "code",
        "valueString" : "path-history"
      },
      {
        "url" : "value",
        "valueString" : "history.html"
      }],
      "url" : "http://hl7.org/fhir/tools/StructureDefinition/ig-parameter"
    },
    {
      "extension" : [{
        "url" : "code",
        "valueString" : "template-html"
      },
      {
        "url" : "value",
        "valueString" : "template-page.html"
      }],
      "url" : "http://hl7.org/fhir/tools/StructureDefinition/ig-parameter"
    },
    {
      "extension" : [{
        "url" : "code",
        "valueString" : "template-md"
      },
      {
        "url" : "value",
        "valueString" : "template-page-md.html"
      }],
      "url" : "http://hl7.org/fhir/tools/StructureDefinition/ig-parameter"
    },
    {
      "extension" : [{
        "url" : "code",
        "valueString" : "apply-contact"
      },
      {
        "url" : "value",
        "valueString" : "true"
      }],
      "url" : "http://hl7.org/fhir/tools/StructureDefinition/ig-parameter"
    },
    {
      "extension" : [{
        "url" : "code",
        "valueString" : "apply-context"
      },
      {
        "url" : "value",
        "valueString" : "true"
      }],
      "url" : "http://hl7.org/fhir/tools/StructureDefinition/ig-parameter"
    },
    {
      "extension" : [{
        "url" : "code",
        "valueString" : "apply-copyright"
      },
      {
        "url" : "value",
        "valueString" : "true"
      }],
      "url" : "http://hl7.org/fhir/tools/StructureDefinition/ig-parameter"
    },
    {
      "extension" : [{
        "url" : "code",
        "valueString" : "apply-jurisdiction"
      },
      {
        "url" : "value",
        "valueString" : "true"
      }],
      "url" : "http://hl7.org/fhir/tools/StructureDefinition/ig-parameter"
    },
    {
      "extension" : [{
        "url" : "code",
        "valueString" : "apply-license"
      },
      {
        "url" : "value",
        "valueString" : "true"
      }],
      "url" : "http://hl7.org/fhir/tools/StructureDefinition/ig-parameter"
    },
    {
      "extension" : [{
        "url" : "code",
        "valueString" : "apply-publisher"
      },
      {
        "url" : "value",
        "valueString" : "true"
      }],
      "url" : "http://hl7.org/fhir/tools/StructureDefinition/ig-parameter"
    },
    {
      "extension" : [{
        "url" : "code",
        "valueString" : "apply-version"
      },
      {
        "url" : "value",
        "valueString" : "true"
      }],
      "url" : "http://hl7.org/fhir/tools/StructureDefinition/ig-parameter"
    },
    {
      "extension" : [{
        "url" : "code",
        "valueString" : "apply-wg"
      },
      {
        "url" : "value",
        "valueString" : "true"
      }],
      "url" : "http://hl7.org/fhir/tools/StructureDefinition/ig-parameter"
    },
    {
      "extension" : [{
        "url" : "code",
        "valueString" : "active-tables"
      },
      {
        "url" : "value",
        "valueString" : "true"
      }],
      "url" : "http://hl7.org/fhir/tools/StructureDefinition/ig-parameter"
    },
    {
      "extension" : [{
        "url" : "code",
        "valueString" : "fmm-definition"
      },
      {
        "url" : "value",
        "valueString" : "http://hl7.org/fhir/versions.html#maturity"
      }],
      "url" : "http://hl7.org/fhir/tools/StructureDefinition/ig-parameter"
    },
    {
      "extension" : [{
        "url" : "code",
        "valueString" : "propagate-status"
      },
      {
        "url" : "value",
        "valueString" : "true"
      }],
      "url" : "http://hl7.org/fhir/tools/StructureDefinition/ig-parameter"
    },
    {
      "extension" : [{
        "url" : "code",
        "valueString" : "excludelogbinaryformat"
      },
      {
        "url" : "value",
        "valueString" : "true"
      }],
      "url" : "http://hl7.org/fhir/tools/StructureDefinition/ig-parameter"
    },
    {
      "extension" : [{
        "url" : "code",
        "valueString" : "tabbed-snapshots"
      },
      {
        "url" : "value",
        "valueString" : "true"
      }],
      "url" : "http://hl7.org/fhir/tools/StructureDefinition/ig-parameter"
    },
    {
      "url" : "http://hl7.org/fhir/tools/StructureDefinition/ig-internal-dependency",
      "valueCode" : "hl7.fhir.uv.tools.r4#0.3.0"
    },
    {
      "extension" : [{
        "url" : "code",
        "valueCode" : "copyrightyear"
      },
      {
        "url" : "value",
        "valueString" : "2024"
      }],
      "url" : "http://hl7.org/fhir/tools/StructureDefinition/ig-parameter"
    },
    {
      "extension" : [{
        "url" : "code",
        "valueCode" : "releaselabel"
      },
      {
        "url" : "value",
        "valueString" : "experimental"
      }],
      "url" : "http://hl7.org/fhir/tools/StructureDefinition/ig-parameter"
    },
    {
      "extension" : [{
        "url" : "code",
        "valueCode" : "jira-code"
      },
      {
        "url" : "value",
        "valueString" : "uv-eyecare"
      }],
      "url" : "http://hl7.org/fhir/tools/StructureDefinition/ig-parameter"
    },
    {
      "extension" : [{
        "url" : "code",
        "valueCode" : "autoload-resources"
      },
      {
        "url" : "value",
        "valueString" : "true"
      }],
      "url" : "http://hl7.org/fhir/tools/StructureDefinition/ig-parameter"
    },
    {
      "extension" : [{
        "url" : "code",
        "valueCode" : "path-liquid"
      },
      {
        "url" : "value",
        "valueString" : "template/liquid"
      }],
      "url" : "http://hl7.org/fhir/tools/StructureDefinition/ig-parameter"
    },
    {
      "extension" : [{
        "url" : "code",
        "valueCode" : "path-liquid"
      },
      {
        "url" : "value",
        "valueString" : "input/liquid"
      }],
      "url" : "http://hl7.org/fhir/tools/StructureDefinition/ig-parameter"
    },
    {
      "extension" : [{
        "url" : "code",
        "valueCode" : "path-qa"
      },
      {
        "url" : "value",
        "valueString" : "temp/qa"
      }],
      "url" : "http://hl7.org/fhir/tools/StructureDefinition/ig-parameter"
    },
    {
      "extension" : [{
        "url" : "code",
        "valueCode" : "path-temp"
      },
      {
        "url" : "value",
        "valueString" : "temp/pages"
      }],
      "url" : "http://hl7.org/fhir/tools/StructureDefinition/ig-parameter"
    },
    {
      "extension" : [{
        "url" : "code",
        "valueCode" : "path-output"
      },
      {
        "url" : "value",
        "valueString" : "output"
      }],
      "url" : "http://hl7.org/fhir/tools/StructureDefinition/ig-parameter"
    },
    {
      "extension" : [{
        "url" : "code",
        "valueCode" : "path-suppressed-warnings"
      },
      {
        "url" : "value",
        "valueString" : "input/ignoreWarnings.txt"
      }],
      "url" : "http://hl7.org/fhir/tools/StructureDefinition/ig-parameter"
    },
    {
      "extension" : [{
        "url" : "code",
        "valueCode" : "path-history"
      },
      {
        "url" : "value",
        "valueString" : "history.html"
      }],
      "url" : "http://hl7.org/fhir/tools/StructureDefinition/ig-parameter"
    },
    {
      "extension" : [{
        "url" : "code",
        "valueCode" : "template-html"
      },
      {
        "url" : "value",
        "valueString" : "template-page.html"
      }],
      "url" : "http://hl7.org/fhir/tools/StructureDefinition/ig-parameter"
    },
    {
      "extension" : [{
        "url" : "code",
        "valueCode" : "template-md"
      },
      {
        "url" : "value",
        "valueString" : "template-page-md.html"
      }],
      "url" : "http://hl7.org/fhir/tools/StructureDefinition/ig-parameter"
    },
    {
      "extension" : [{
        "url" : "code",
        "valueCode" : "apply-contact"
      },
      {
        "url" : "value",
        "valueString" : "true"
      }],
      "url" : "http://hl7.org/fhir/tools/StructureDefinition/ig-parameter"
    },
    {
      "extension" : [{
        "url" : "code",
        "valueCode" : "apply-context"
      },
      {
        "url" : "value",
        "valueString" : "true"
      }],
      "url" : "http://hl7.org/fhir/tools/StructureDefinition/ig-parameter"
    },
    {
      "extension" : [{
        "url" : "code",
        "valueCode" : "apply-copyright"
      },
      {
        "url" : "value",
        "valueString" : "true"
      }],
      "url" : "http://hl7.org/fhir/tools/StructureDefinition/ig-parameter"
    },
    {
      "extension" : [{
        "url" : "code",
        "valueCode" : "apply-jurisdiction"
      },
      {
        "url" : "value",
        "valueString" : "true"
      }],
      "url" : "http://hl7.org/fhir/tools/StructureDefinition/ig-parameter"
    },
    {
      "extension" : [{
        "url" : "code",
        "valueCode" : "apply-license"
      },
      {
        "url" : "value",
        "valueString" : "true"
      }],
      "url" : "http://hl7.org/fhir/tools/StructureDefinition/ig-parameter"
    },
    {
      "extension" : [{
        "url" : "code",
        "valueCode" : "apply-publisher"
      },
      {
        "url" : "value",
        "valueString" : "true"
      }],
      "url" : "http://hl7.org/fhir/tools/StructureDefinition/ig-parameter"
    },
    {
      "extension" : [{
        "url" : "code",
        "valueCode" : "apply-version"
      },
      {
        "url" : "value",
        "valueString" : "true"
      }],
      "url" : "http://hl7.org/fhir/tools/StructureDefinition/ig-parameter"
    },
    {
      "extension" : [{
        "url" : "code",
        "valueCode" : "apply-wg"
      },
      {
        "url" : "value",
        "valueString" : "true"
      }],
      "url" : "http://hl7.org/fhir/tools/StructureDefinition/ig-parameter"
    },
    {
      "extension" : [{
        "url" : "code",
        "valueCode" : "active-tables"
      },
      {
        "url" : "value",
        "valueString" : "true"
      }],
      "url" : "http://hl7.org/fhir/tools/StructureDefinition/ig-parameter"
    },
    {
      "extension" : [{
        "url" : "code",
        "valueCode" : "fmm-definition"
      },
      {
        "url" : "value",
        "valueString" : "http://hl7.org/fhir/versions.html#maturity"
      }],
      "url" : "http://hl7.org/fhir/tools/StructureDefinition/ig-parameter"
    },
    {
      "extension" : [{
        "url" : "code",
        "valueCode" : "propagate-status"
      },
      {
        "url" : "value",
        "valueString" : "true"
      }],
      "url" : "http://hl7.org/fhir/tools/StructureDefinition/ig-parameter"
    },
    {
      "extension" : [{
        "url" : "code",
        "valueCode" : "excludelogbinaryformat"
      },
      {
        "url" : "value",
        "valueString" : "true"
      }],
      "url" : "http://hl7.org/fhir/tools/StructureDefinition/ig-parameter"
    },
    {
      "extension" : [{
        "url" : "code",
        "valueCode" : "tabbed-snapshots"
      },
      {
        "url" : "value",
        "valueString" : "true"
      }],
      "url" : "http://hl7.org/fhir/tools/StructureDefinition/ig-parameter"
    }],
    "resource" : [{
      "extension" : [{
        "url" : "http://hl7.org/fhir/tools/StructureDefinition/resource-information",
        "valueString" : "BodyStructure"
      }],
      "reference" : {
        "reference" : "BodyStructure/bodystructure-right-eye"
      },
      "name" : "Right Eye Body Structure",
      "exampleBoolean" : true
    },
    {
      "extension" : [{
        "url" : "http://hl7.org/fhir/tools/StructureDefinition/resource-information",
        "valueString" : "BodyStructure"
      }],
      "reference" : {
        "reference" : "BodyStructure/bodystructure-left-eye"
      },
      "name" : "Left Eye Body Structure",
      "exampleBoolean" : true
    },
    {
      "extension" : [{
        "url" : "http://hl7.org/fhir/tools/StructureDefinition/resource-information",
        "valueString" : "Practitioner"
      }],
      "reference" : {
        "reference" : "Practitioner/ophthal-practitioner-example-0"
      },
      "name" : "Practitioner Example",
      "exampleBoolean" : true
    },
    {
      "extension" : [{
        "url" : "http://hl7.org/fhir/tools/StructureDefinition/resource-information",
        "valueString" : "Patient"
      }],
      "reference" : {
        "reference" : "Patient/ophthal-patient-example-0"
      },
      "name" : "Patient Example",
      "exampleBoolean" : true
    },
    {
      "extension" : [{
        "url" : "http://hl7.org/fhir/tools/StructureDefinition/resource-information",
        "valueString" : "Media"
      }],
      "reference" : {
        "reference" : "Media/visual-field-le-0"
      },
      "name" : "Media Example",
      "exampleBoolean" : true
    },
    {
      "extension" : [{
        "url" : "http://hl7.org/fhir/tools/StructureDefinition/resource-information",
        "valueString" : "Media"
      }],
      "reference" : {
        "reference" : "Media/visual-field-re-0"
      },
      "name" : "Media Example",
      "exampleBoolean" : true
    },
    {
      "extension" : [{
        "url" : "http://hl7.org/fhir/tools/StructureDefinition/resource-information",
        "valueString" : "Observation"
      }],
      "reference" : {
        "reference" : "Observation/posteriorsegment-example"
      },
      "name" : "Example Observation - posteriorsegment-example",
      "exampleCanonical" : "https://larfuma.github.io/fhir-eyecare-ig/StructureDefinition-Posteriorsegment-narrative"
    },
    {
      "extension" : [{
        "url" : "http://hl7.org/fhir/tools/StructureDefinition/resource-information",
        "valueString" : "Observation"
      }],
      "reference" : {
        "reference" : "Observation/va-observation-v2-example-patient-1-with-overrefraction"
      },
      "name" : "Example Observation - va-observation-v2-example-patient-1-with-overrefraction",
      "exampleCanonical" : "https://larfuma.github.io/fhir-eyecare-ig/StructureDefinition-observation-visual-acuity-version-two"
    },
    {
      "extension" : [{
        "url" : "http://hl7.org/fhir/tools/StructureDefinition/resource-information",
        "valueString" : "Observation"
      }],
      "reference" : {
        "reference" : "Observation/va-observation-v2-example-patient-1-without-overrefraction"
      },
      "name" : "Example Observation - va-observation-v2-example-patient-1-without-overrefraction",
      "exampleCanonical" : "https://larfuma.github.io/fhir-eyecare-ig/StructureDefinition-observation-visual-acuity-version-two"
    },
    {
      "extension" : [{
        "url" : "http://hl7.org/fhir/tools/StructureDefinition/resource-information",
        "valueString" : "Observation"
      }],
      "reference" : {
        "reference" : "Observation/va-measurement-example-patient-2-bino-50cm-with-od-contactlens"
      },
      "name" : "Example Observation - va-measurement-example-patient-2-bino-50cm-with-od-contactlens",
      "exampleCanonical" : "https://larfuma.github.io/fhir-eyecare-ig/StructureDefinition-observation-visual-acuity-version-three"
    },
    {
      "extension" : [{
        "url" : "http://hl7.org/fhir/tools/StructureDefinition/resource-information",
        "valueString" : "Observation"
      }],
      "reference" : {
        "reference" : "Observation/va-measurement-example-patient-1-with-overrefraction-v3"
      },
      "name" : "Example Observation - va-measurement-example-patient-1-with-overrefraction-v3",
      "exampleCanonical" : "https://larfuma.github.io/fhir-eyecare-ig/StructureDefinition-observation-visual-acuity-version-three"
    },
    {
      "extension" : [{
        "url" : "http://hl7.org/fhir/tools/StructureDefinition/resource-information",
        "valueString" : "Observation"
      }],
      "reference" : {
        "reference" : "Observation/va-measurement-example-patient-1-without-overrefraction-v3"
      },
      "name" : "Example Observation - va-measurement-example-patient-1-without-overrefraction-v3",
      "exampleCanonical" : "https://larfuma.github.io/fhir-eyecare-ig/StructureDefinition-observation-visual-acuity-version-three"
    },
    {
      "extension" : [{
        "url" : "http://hl7.org/fhir/tools/StructureDefinition/resource-information",
        "valueString" : "BodyStructure"
      }],
      "reference" : {
        "reference" : "BodyStructure/bodystructure-right-eye-6oclock"
      }
    },
    {
      "extension" : [{
        "url" : "http://hl7.org/fhir/tools/StructureDefinition/resource-information",
        "valueString" : "Condition"
      }],
      "reference" : {
        "reference" : "Condition/condition-ophthal-glaucoma"
      }
    },
    {
      "extension" : [{
        "url" : "http://hl7.org/fhir/tools/StructureDefinition/resource-information",
        "valueString" : "DiagnosticReport"
      }],
      "reference" : {
        "reference" : "DiagnosticReport/diagnostic-report-visual-field-test-re-0"
      }
    },
    {
      "extension" : [{
        "url" : "http://hl7.org/fhir/tools/StructureDefinition/resource-information",
        "valueString" : "DiagnosticReport"
      }],
      "reference" : {
        "reference" : "DiagnosticReport/diagnostic-report-visual-field-test-le-0"
      }
    },
    {
      "extension" : [{
        "url" : "http://hl7.org/fhir/tools/StructureDefinition/resource-information",
        "valueString" : "Observation"
      }],
      "reference" : {
        "reference" : "Observation/observation-iop-goldman-re-0"
      }
    },
    {
      "extension" : [{
        "url" : "http://hl7.org/fhir/tools/StructureDefinition/resource-information",
        "valueString" : "Observation"
      }],
      "reference" : {
        "reference" : "Observation/observation-iop-goldman-le-0"
      }
    },
    {
      "extension" : [{
        "url" : "http://hl7.org/fhir/tools/StructureDefinition/resource-information",
        "valueString" : "Observation"
      }],
      "reference" : {
        "reference" : "Observation/observation-iop-icare-home-re-0"
      }
    },
    {
      "extension" : [{
        "url" : "http://hl7.org/fhir/tools/StructureDefinition/resource-information",
        "valueString" : "Observation"
      }],
      "reference" : {
        "reference" : "Observation/observation-iop-icare-home-le-0"
      }
    },
    {
      "extension" : [{
        "url" : "http://hl7.org/fhir/tools/StructureDefinition/resource-information",
        "valueString" : "Observation"
      }],
      "reference" : {
        "reference" : "Observation/observation-refraction-re-0"
      }
    },
    {
      "extension" : [{
        "url" : "http://hl7.org/fhir/tools/StructureDefinition/resource-information",
        "valueString" : "Observation"
      }],
      "reference" : {
        "reference" : "Observation/observation-refraction-le-0"
      }
    },
    {
      "extension" : [{
        "url" : "http://hl7.org/fhir/tools/StructureDefinition/resource-information",
        "valueString" : "Observation"
      }],
      "reference" : {
        "reference" : "Observation/va-measurement-experiment"
      },
      "name" : "Example Observation - va-measurement-experiment",
      "exampleCanonical" : "https://larfuma.github.io/fhir-eyecare-ig/StructureDefinition-observation-visual-acuity-version-three"
    },
    {
      "extension" : [{
        "url" : "http://hl7.org/fhir/tools/StructureDefinition/resource-information",
        "valueString" : "Observation"
      }],
      "reference" : {
        "reference" : "Observation/vf-false-positives-re-0"
      }
    },
    {
      "extension" : [{
        "url" : "http://hl7.org/fhir/tools/StructureDefinition/resource-information",
        "valueString" : "Observation"
      }],
      "reference" : {
        "reference" : "Observation/vf-false-positives-le-0"
      }
    },
    {
      "extension" : [{
        "url" : "http://hl7.org/fhir/tools/StructureDefinition/resource-information",
        "valueString" : "Observation"
      }],
      "reference" : {
        "reference" : "Observation/vf-fixation-loss-re-0"
      }
    },
    {
      "extension" : [{
        "url" : "http://hl7.org/fhir/tools/StructureDefinition/resource-information",
        "valueString" : "Observation"
      }],
      "reference" : {
        "reference" : "Observation/vf-fixation-loss-le-0"
      }
    },
    {
      "extension" : [{
        "url" : "http://hl7.org/fhir/tools/StructureDefinition/resource-information",
        "valueString" : "Observation"
      }],
      "reference" : {
        "reference" : "Observation/vf-mean-deviation-re-0"
      }
    },
    {
      "extension" : [{
        "url" : "http://hl7.org/fhir/tools/StructureDefinition/resource-information",
        "valueString" : "Observation"
      }],
      "reference" : {
        "reference" : "Observation/vf-mean-deviation-le-0"
      }
    },
    {
      "extension" : [{
        "url" : "http://hl7.org/fhir/tools/StructureDefinition/resource-information",
        "valueString" : "Observation"
      }],
      "reference" : {
        "reference" : "Observation/vf-pattern-standard-deviation-re-0"
      }
    },
    {
      "extension" : [{
        "url" : "http://hl7.org/fhir/tools/StructureDefinition/resource-information",
        "valueString" : "Observation"
      }],
      "reference" : {
        "reference" : "Observation/vf-pattern-standard-deviation-le-0"
      }
    },
    {
      "extension" : [{
        "url" : "http://hl7.org/fhir/tools/StructureDefinition/resource-information",
        "valueString" : "Observation"
      }],
      "reference" : {
        "reference" : "Observation/vf-test-duration-re-0"
      }
    },
    {
      "extension" : [{
        "url" : "http://hl7.org/fhir/tools/StructureDefinition/resource-information",
        "valueString" : "Observation"
      }],
      "reference" : {
        "reference" : "Observation/vf-test-duration-le-0"
      }
    },
    {
      "extension" : [{
        "url" : "http://hl7.org/fhir/tools/StructureDefinition/resource-information",
        "valueString" : "Procedure"
      }],
      "reference" : {
        "reference" : "Procedure/perimetry-24-2-perimetry-test"
      }
    },
    {
      "extension" : [{
        "url" : "http://hl7.org/fhir/tools/StructureDefinition/resource-information",
        "valueString" : "Observation"
      }],
      "reference" : {
        "reference" : "Observation/pupil-comparison-1"
      },
      "name" : "Example Observation - pupil-comparison-1",
      "exampleCanonical" : "https://larfuma.github.io/fhir-eyecare-ig/StructureDefinition/pupil-comparison"
    },
    {
      "extension" : [{
        "url" : "http://hl7.org/fhir/tools/StructureDefinition/resource-information",
        "valueString" : "Observation"
      }],
      "reference" : {
        "reference" : "Observation/pupil-comparison-2"
      },
      "name" : "Example Observation - pupil-comparison-2",
      "exampleCanonical" : "https://larfuma.github.io/fhir-eyecare-ig/StructureDefinition/pupil-comparison"
    },
    {
      "extension" : [{
        "url" : "http://hl7.org/fhir/tools/StructureDefinition/resource-information",
        "valueString" : "Observation"
      }],
      "reference" : {
        "reference" : "Observation/pupil-comparison-3"
      },
      "name" : "Example Observation - pupil-comparison-3",
      "exampleCanonical" : "https://larfuma.github.io/fhir-eyecare-ig/StructureDefinition/pupil-comparison"
    },
    {
      "extension" : [{
        "url" : "http://hl7.org/fhir/tools/StructureDefinition/resource-information",
        "valueString" : "Observation"
      }],
      "reference" : {
        "reference" : "Observation/pupil-comparison-4"
      },
      "name" : "Example Observation - pupil-comparison-4",
      "exampleCanonical" : "https://larfuma.github.io/fhir-eyecare-ig/StructureDefinition/pupil-comparison"
    },
    {
      "extension" : [{
        "url" : "http://hl7.org/fhir/tools/StructureDefinition/resource-information",
        "valueString" : "Observation"
      }],
      "reference" : {
        "reference" : "Observation/pupil-diameter-left-eye-1"
      },
      "name" : "Example Observation - pupil-diameter-left-eye-1",
      "exampleCanonical" : "https://larfuma.github.io/fhir-eyecare-ig/StructureDefinition/pupil-diameter"
    },
    {
      "extension" : [{
        "url" : "http://hl7.org/fhir/tools/StructureDefinition/resource-information",
        "valueString" : "Observation"
      }],
      "reference" : {
        "reference" : "Observation/pupil-diameter-left-eye-2"
      },
      "name" : "Example Observation - pupil-diameter-left-eye-2",
      "exampleCanonical" : "https://larfuma.github.io/fhir-eyecare-ig/StructureDefinition/pupil-diameter"
    },
    {
      "extension" : [{
        "url" : "http://hl7.org/fhir/tools/StructureDefinition/resource-information",
        "valueString" : "Observation"
      }],
      "reference" : {
        "reference" : "Observation/pupil-diameter-left-eye-3"
      },
      "name" : "Example Observation - pupil-diameter-left-eye-3",
      "exampleCanonical" : "https://larfuma.github.io/fhir-eyecare-ig/StructureDefinition/pupil-diameter"
    },
    {
      "extension" : [{
        "url" : "http://hl7.org/fhir/tools/StructureDefinition/resource-information",
        "valueString" : "Observation"
      }],
      "reference" : {
        "reference" : "Observation/pupil-diameter-left-eye-4"
      },
      "name" : "Example Observation - pupil-diameter-left-eye-4",
      "exampleCanonical" : "https://larfuma.github.io/fhir-eyecare-ig/StructureDefinition/pupil-diameter"
    },
    {
      "extension" : [{
        "url" : "http://hl7.org/fhir/tools/StructureDefinition/resource-information",
        "valueString" : "Observation"
      }],
      "reference" : {
        "reference" : "Observation/pupil-diameter-right-eye-1"
      },
      "name" : "Example Observation - pupil-diameter-right-eye-1",
      "exampleCanonical" : "https://larfuma.github.io/fhir-eyecare-ig/StructureDefinition/pupil-diameter"
    },
    {
      "extension" : [{
        "url" : "http://hl7.org/fhir/tools/StructureDefinition/resource-information",
        "valueString" : "Observation"
      }],
      "reference" : {
        "reference" : "Observation/pupil-diameter-right-eye-2"
      },
      "name" : "Example Observation - pupil-diameter-right-eye-2",
      "exampleCanonical" : "https://larfuma.github.io/fhir-eyecare-ig/StructureDefinition/pupil-diameter"
    },
    {
      "extension" : [{
        "url" : "http://hl7.org/fhir/tools/StructureDefinition/resource-information",
        "valueString" : "Observation"
      }],
      "reference" : {
        "reference" : "Observation/pupil-diameter-right-eye-3"
      },
      "name" : "Example Observation - pupil-diameter-right-eye-3",
      "exampleCanonical" : "https://larfuma.github.io/fhir-eyecare-ig/StructureDefinition/pupil-diameter"
    },
    {
      "extension" : [{
        "url" : "http://hl7.org/fhir/tools/StructureDefinition/resource-information",
        "valueString" : "Observation"
      }],
      "reference" : {
        "reference" : "Observation/pupil-diameter-right-eye-4"
      },
      "name" : "Example Observation - pupil-diameter-right-eye-4",
      "exampleCanonical" : "https://larfuma.github.io/fhir-eyecare-ig/StructureDefinition/pupil-diameter"
    },
    {
      "extension" : [{
        "url" : "http://hl7.org/fhir/tools/StructureDefinition/resource-information",
        "valueString" : "DiagnosticReport"
      }],
      "reference" : {
        "reference" : "DiagnosticReport/pupillomotoric-report-1"
      },
      "name" : "Example DiagnosticReport - pupillomotoric-report-1",
      "exampleCanonical" : "https://larfuma.github.io/fhir-eyecare-ig/StructureDefinition-PupillomotoricDiagnosticReport"
    },
    {
      "extension" : [{
        "url" : "http://hl7.org/fhir/tools/StructureDefinition/resource-information",
        "valueString" : "CodeSystem"
      }],
      "reference" : {
        "reference" : "CodeSystem/custom-codes-to-be-submitted-to-SNOMED-or-LOINC"
      },
      "name" : "Codes which were needed, but not found in SNOMED or LOINC, will be submitted there",
      "description" : "Codes which were needed, but not found in SNOMED or LOINC, will be submitted there"
    },
    {
      "extension" : [{
        "url" : "http://hl7.org/fhir/tools/StructureDefinition/resource-information",
        "valueString" : "CodeSystem"
      }],
      "reference" : {
        "reference" : "CodeSystem/iop-methods"
      },
      "name" : "IOP Methods Code System",
      "description" : "IOP additional method types"
    },
    {
      "extension" : [{
        "url" : "http://hl7.org/fhir/tools/StructureDefinition/resource-information",
        "valueString" : "CodeSystem"
      }],
      "reference" : {
        "reference" : "CodeSystem/qualifiers"
      },
      "name" : "Body Structure Qualifiers",
      "description" : "Additional body site qualifiers"
    },
    {
      "extension" : [{
        "url" : "http://hl7.org/fhir/tools/StructureDefinition/resource-information",
        "valueString" : "CodeSystem"
      }],
      "reference" : {
        "reference" : "CodeSystem/visual-field-observations"
      },
      "name" : "Visual field test parameter observations",
      "description" : "Visual field observation additional codes"
    },
    {
      "extension" : [{
        "url" : "http://hl7.org/fhir/tools/StructureDefinition/resource-information",
        "valueString" : "StructureDefinition:resource"
      }],
      "reference" : {
        "reference" : "StructureDefinition/PupillomotoricDiagnosticReport"
      }
    },
    {
      "extension" : [{
        "url" : "http://hl7.org/fhir/tools/StructureDefinition/resource-information",
        "valueString" : "StructureDefinition:extension"
      }],
      "reference" : {
        "reference" : "StructureDefinition/LensDuringVATestSpecification"
      },
      "description" : "Specification any Lens that was n front of an eye during a Visual Acuity test test"
    },
    {
      "extension" : [{
        "url" : "http://hl7.org/fhir/tools/StructureDefinition/resource-information",
        "valueString" : "StructureDefinition:extension"
      }],
      "reference" : {
        "reference" : "StructureDefinition/OwnLensDuringVATestSpecification"
      },
      "description" : "Specification of the Lens that was worn during the Visual Acuity test test"
    },
    {
      "extension" : [{
        "url" : "http://hl7.org/fhir/tools/StructureDefinition/resource-information",
        "valueString" : "StructureDefinition:resource"
      }],
      "reference" : {
        "reference" : "StructureDefinition/Posteriorsegment-narrative"
      }
    },
    {
      "extension" : [{
        "url" : "http://hl7.org/fhir/tools/StructureDefinition/resource-information",
        "valueString" : "StructureDefinition:resource"
      }],
      "reference" : {
        "reference" : "StructureDefinition/pupil-comparison"
      }
    },
    {
      "extension" : [{
        "url" : "http://hl7.org/fhir/tools/StructureDefinition/resource-information",
        "valueString" : "StructureDefinition:resource"
      }],
      "reference" : {
        "reference" : "StructureDefinition/pupil-diameter"
      }
    },
    {
      "extension" : [{
        "url" : "http://hl7.org/fhir/tools/StructureDefinition/resource-information",
        "valueString" : "StructureDefinition:resource"
      }],
      "reference" : {
        "reference" : "StructureDefinition/body-structure-eye"
      },
      "name" : "Ocular anatomical location",
      "description" : "The description of an ophthalmic anatomical site that is located within the following structures: the eyeball or the periocular or orbital regions (as opposed to non-ocular anatomical locations). This profile is used by combining the unique valueset (hyperlink) for relevant ophthalmic specific BodyStructure.locationQualifier (Body Site modifier) in combination with the base Observation BodyStructure.location (Body Site; descendants from SNOMED 371398005 (Eye Region Structure), each with a preferred binding in order to refine the accuracy of the location decription of occular structures. This unique qualifying element is important because these locations are routinely described either diffently and/or more granularly than other body parts. Of note - non occular (or surrounding) anatomical location references of Observations (eg - arm) do not need to use this modified specialty profile."
    },
    {
      "extension" : [{
        "url" : "http://hl7.org/fhir/tools/StructureDefinition/resource-information",
        "valueString" : "StructureDefinition:resource"
      }],
      "reference" : {
        "reference" : "StructureDefinition/condition-base"
      },
      "name" : "Ophthalmic Diagnoses",
      "description" : "A profile to describe the formal past/present clinical diagnosis of a specific non-ophthalmic pathological Condition. As noted above, although the Condition Resource is also referenced in the non-ophthalmic findings profile, this profile is a modification of the base Condition Resource (as opposed to a base Obervation Resource modification, referencing Condition)."
    },
    {
      "extension" : [{
        "url" : "http://hl7.org/fhir/tools/StructureDefinition/resource-information",
        "valueString" : "StructureDefinition:resource"
      }],
      "reference" : {
        "reference" : "StructureDefinition/diagnostic-report-base"
      },
      "name" : "Ophthalmic diagnostic test report",
      "description" : "Base profile specifically constrained for describing ophthalmic reports"
    },
    {
      "extension" : [{
        "url" : "http://hl7.org/fhir/tools/StructureDefinition/resource-information",
        "valueString" : "StructureDefinition:resource"
      }],
      "reference" : {
        "reference" : "StructureDefinition/diagnostic-report-oct-macula"
      },
      "name" : "OCT macula Diagnostic Report",
      "description" : "The DiagnosticReport profile for an OCT macula"
    },
    {
      "extension" : [{
        "url" : "http://hl7.org/fhir/tools/StructureDefinition/resource-information",
        "valueString" : "StructureDefinition:resource"
      }],
      "reference" : {
        "reference" : "StructureDefinition/diagnostic-report-oct-rnfl"
      },
      "name" : "OCT RNFL Diagnostic Report",
      "description" : "The DiagnosticReport profile for an OCT RNFL"
    },
    {
      "extension" : [{
        "url" : "http://hl7.org/fhir/tools/StructureDefinition/resource-information",
        "valueString" : "StructureDefinition:resource"
      }],
      "reference" : {
        "reference" : "StructureDefinition/diagnostic-report-visual-field"
      },
      "name" : "VF Diagnostic Report ",
      "description" : "The DiagnosticReport profile for a visual field DT"
    },
    {
      "extension" : [{
        "url" : "http://hl7.org/fhir/tools/StructureDefinition/resource-information",
        "valueString" : "StructureDefinition:resource"
      }],
      "reference" : {
        "reference" : "StructureDefinition/observation-base"
      },
      "name" : "Base ophthalmic Observation profile",
      "description" : "Base profile specifically constrained for describing ophthalmic Observations"
    },
    {
      "extension" : [{
        "url" : "http://hl7.org/fhir/tools/StructureDefinition/resource-information",
        "valueString" : "StructureDefinition:resource"
      }],
      "reference" : {
        "reference" : "StructureDefinition/observation-iop"
      },
      "name" : "Intraocular Pressure (IOP)",
      "description" : "A measurement of a patient's intraocular (within the eyeball) pressure (in mmHg)."
    },
    {
      "extension" : [{
        "url" : "http://hl7.org/fhir/tools/StructureDefinition/resource-information",
        "valueString" : "StructureDefinition:resource"
      }],
      "reference" : {
        "reference" : "StructureDefinition/observation-oct-macula"
      },
      "name" : "OCT macula Observations",
      "description" : "The Observations associated with the OCT macula DiagnosticReport (note: this valueset can also be used independently to describe specific findings/Observations captured by a OCT test, which may not necessarily be referenced by the DiagnosticReport.)"
    },
    {
      "extension" : [{
        "url" : "http://hl7.org/fhir/tools/StructureDefinition/resource-information",
        "valueString" : "StructureDefinition:resource"
      }],
      "reference" : {
        "reference" : "StructureDefinition/observation-oct-rnfl"
      },
      "name" : "OCT RFNL Observations",
      "description" : "The Observations associated with the OCT RNFL DiagnosticReport (note: this valueset can also be used independently to describe specific findings/Observations captured by a OCT test, which may not necessarily be referenced by the DiagnosticReport.)"
    },
    {
      "extension" : [{
        "url" : "http://hl7.org/fhir/tools/StructureDefinition/resource-information",
        "valueString" : "StructureDefinition:resource"
      }],
      "reference" : {
        "reference" : "StructureDefinition/observation-visual-acuity-version-three"
      },
      "name" : "Visual Acuity (VA) V3",
      "description" : "An assessment of a patients ability to see - Version three"
    },
    {
      "extension" : [{
        "url" : "http://hl7.org/fhir/tools/StructureDefinition/resource-information",
        "valueString" : "StructureDefinition:resource"
      }],
      "reference" : {
        "reference" : "StructureDefinition/observation-visual-acuity-version-two"
      },
      "name" : "Visual Acuity (VA) V2",
      "description" : "An assessment of a patients ability to see - Version two - simpler structure than Version 1"
    },
    {
      "extension" : [{
        "url" : "http://hl7.org/fhir/tools/StructureDefinition/resource-information",
        "valueString" : "StructureDefinition:resource"
      }],
      "reference" : {
        "reference" : "StructureDefinition/observation-visual-acuity"
      },
      "name" : "Visual Acuity (VA)",
      "description" : "An assessment of a patients ability to see."
    },
    {
      "extension" : [{
        "url" : "http://hl7.org/fhir/tools/StructureDefinition/resource-information",
        "valueString" : "StructureDefinition:resource"
      }],
      "reference" : {
        "reference" : "StructureDefinition/observation-visual-field"
      },
      "name" : "VF Observations",
      "description" : "The Observations associated with the VF DiagnosticReport (note: this valueset can also be used independently to describe specific findings/Observations captured by a VF test, which may not necessarily be referenced by the DiagnosticReport.)"
    },
    {
      "extension" : [{
        "url" : "http://hl7.org/fhir/tools/StructureDefinition/resource-information",
        "valueString" : "ValueSet"
      }],
      "reference" : {
        "reference" : "ValueSet/Pupil-function-confounders"
      },
      "name" : "Pupil Function Confounders",
      "description" : "ValueSet including codes that represent confounders due to pupil function that may affect visual acuity measurements."
    },
    {
      "extension" : [{
        "url" : "http://hl7.org/fhir/tools/StructureDefinition/resource-information",
        "valueString" : "ValueSet"
      }],
      "reference" : {
        "reference" : "ValueSet/visual-acuity-categorical-values"
      },
      "name" : "Visual Acuity Categorical Values",
      "description" : "ValueSet containing categorical values for visual acuity observations."
    },
    {
      "extension" : [{
        "url" : "http://hl7.org/fhir/tools/StructureDefinition/resource-information",
        "valueString" : "ValueSet"
      }],
      "reference" : {
        "reference" : "ValueSet/body-site-eye"
      },
      "name" : "Ophthalmic anatomical location",
      "description" : "Describes the ophthalmic structure being referenced"
    },
    {
      "extension" : [{
        "url" : "http://hl7.org/fhir/tools/StructureDefinition/resource-information",
        "valueString" : "ValueSet"
      }],
      "reference" : {
        "reference" : "ValueSet/conditions"
      },
      "name" : "Ophthalmology Condition ICD10 and SNOMED codes ValueSet",
      "description" : "Clinical findings for the eye region."
    },
    {
      "extension" : [{
        "url" : "http://hl7.org/fhir/tools/StructureDefinition/resource-information",
        "valueString" : "ValueSet"
      }],
      "reference" : {
        "reference" : "ValueSet/iop-methods"
      },
      "name" : "Intraocular pressure (IOP) method valueset",
      "description" : "Describes the various methods of capturing IOP that relate to the IOP Observation profile"
    },
    {
      "extension" : [{
        "url" : "http://hl7.org/fhir/tools/StructureDefinition/resource-information",
        "valueString" : "ValueSet"
      }],
      "reference" : {
        "reference" : "ValueSet/observable-entities"
      },
      "name" : "Ophthalmology observations (SNOMED)",
      "description" : "Concept descends from 363926002 - Eye/vision observable (observable entity)"
    },
    {
      "extension" : [{
        "url" : "http://hl7.org/fhir/tools/StructureDefinition/resource-information",
        "valueString" : "ValueSet"
      }],
      "reference" : {
        "reference" : "ValueSet/observation-final-status"
      },
      "name" : "Observation Status",
      "description" : "Describes whether a recorded observation is either final or amended"
    },
    {
      "extension" : [{
        "url" : "http://hl7.org/fhir/tools/StructureDefinition/resource-information",
        "valueString" : "ValueSet"
      }],
      "reference" : {
        "reference" : "ValueSet/observation-oct-macula"
      },
      "name" : "OCT Macula Observable Entities ValueSet",
      "description" : "OCT Macula observations coding"
    },
    {
      "extension" : [{
        "url" : "http://hl7.org/fhir/tools/StructureDefinition/resource-information",
        "valueString" : "ValueSet"
      }],
      "reference" : {
        "reference" : "ValueSet/observation-oct-rnfl"
      },
      "name" : "OCT RNFL Observable Entities ValueSet",
      "description" : "OCT RNFL observations coding"
    },
    {
      "extension" : [{
        "url" : "http://hl7.org/fhir/tools/StructureDefinition/resource-information",
        "valueString" : "ValueSet"
      }],
      "reference" : {
        "reference" : "ValueSet/observation-visual-acuity"
      },
      "name" : "Visual acuity method valueset (SNOMED)",
      "description" : "Describes the visual acuity observation result, where concept descends from 363983007 (Visual acuity)"
    },
    {
      "extension" : [{
        "url" : "http://hl7.org/fhir/tools/StructureDefinition/resource-information",
        "valueString" : "ValueSet"
      }],
      "reference" : {
        "reference" : "ValueSet/observation-visual-field"
      },
      "name" : "Visual Field Observable Entities ValueSet",
      "description" : "Visual field observation coding"
    },
    {
      "extension" : [{
        "url" : "http://hl7.org/fhir/tools/StructureDefinition/resource-information",
        "valueString" : "ValueSet"
      }],
      "reference" : {
        "reference" : "ValueSet/optotype-presentation"
      },
      "name" : "Optotype Presentation ValueSet",
      "description" : "A ValueSet that includes codes representing the type of optotype presentation used during visual acuity testing."
    },
    {
      "extension" : [{
        "url" : "http://hl7.org/fhir/tools/StructureDefinition/resource-information",
        "valueString" : "ValueSet"
      }],
      "reference" : {
        "reference" : "ValueSet/optotypes"
      },
      "name" : "Optotype ValueSet",
      "description" : "A ValueSet that includes codes representing optotype used during visual acuity testing."
    },
    {
      "extension" : [{
        "url" : "http://hl7.org/fhir/tools/StructureDefinition/resource-information",
        "valueString" : "ValueSet"
      }],
      "reference" : {
        "reference" : "ValueSet/pinhole-occluder-usage"
      },
      "name" : "Pinhole Occluder Usage Values",
      "description" : "This ValueSet contains SNOMED CT codes to represent whether a pinhole occluder was used during a visual acuity measurement."
    },
    {
      "extension" : [{
        "url" : "http://hl7.org/fhir/tools/StructureDefinition/resource-information",
        "valueString" : "ValueSet"
      }],
      "reference" : {
        "reference" : "ValueSet/procedures"
      },
      "name" : "Ophthalmology Procedures Valueset",
      "description" : "This ValueSet represents procedure codes for clinical and billing purposes."
    },
    {
      "extension" : [{
        "url" : "http://hl7.org/fhir/tools/StructureDefinition/resource-information",
        "valueString" : "ValueSet"
      }],
      "reference" : {
        "reference" : "ValueSet/qualifiers"
      },
      "name" : "Ophthalmic anatomical location qualifiers",
      "description" : "Describes whether a recorded observation is either final or amended"
    },
    {
      "extension" : [{
        "url" : "http://hl7.org/fhir/tools/StructureDefinition/resource-information",
        "valueString" : "ValueSet"
      }],
      "reference" : {
        "reference" : "ValueSet/right-left-both-eyes"
      },
      "name" : "ValueSet-right-left-both-eyes",
      "description" : "ValueSet containing laterality codes for ophthalmic observations which may contain information on one or both eyes"
    },
    {
      "extension" : [{
        "url" : "http://hl7.org/fhir/tools/StructureDefinition/resource-information",
        "valueString" : "ValueSet"
      }],
      "reference" : {
        "reference" : "ValueSet/room-brightness-levels"
      },
      "name" : "Room Brightness Levels",
      "description" : "This ValueSet contains codes to represent the brightness of the room where a test was performed."
    },
    {
      "extension" : [{
        "url" : "http://hl7.org/fhir/tools/StructureDefinition/resource-information",
        "valueString" : "ValueSet"
      }],
      "reference" : {
        "reference" : "ValueSet/special-va-testing-parameters"
      },
      "name" : "Special VA testing Parameters",
      "description" : "This ValueSet contains codes to represent whether special testing parameters, such as a pinhole occluder or glare light, were used during a visual acuity measurement."
    },
    {
      "extension" : [{
        "url" : "http://hl7.org/fhir/tools/StructureDefinition/resource-information",
        "valueString" : "ValueSet"
      }],
      "reference" : {
        "reference" : "ValueSet/visual-acuity-correction-methods-with-sl"
      },
      "name" : "Visual Acuity Correction Methods",
      "description" : "Methods of correction used during a visual acuity test."
    },
    {
      "extension" : [{
        "url" : "http://hl7.org/fhir/tools/StructureDefinition/resource-information",
        "valueString" : "ValueSet"
      }],
      "reference" : {
        "reference" : "ValueSet/visual-acuity-correction-methods"
      },
      "name" : "Visual Acuity Correction Methods",
      "description" : "Methods of correction used during a visual acuity test."
    },
    {
      "extension" : [{
        "url" : "http://hl7.org/fhir/tools/StructureDefinition/resource-information",
        "valueString" : "ValueSet"
      }],
      "reference" : {
        "reference" : "ValueSet/observation-visual-acuity-methods"
      },
      "name" : "Visual Acuity Measurement Methods valueset",
      "description" : "Describes the various charts that can be used to assess visual acuity where concept descends from 400912000 (Visual acuity test equipment (physical object))"
    },
    {
      "extension" : [{
        "url" : "http://hl7.org/fhir/tools/StructureDefinition/resource-information",
        "valueString" : "ValueSet"
      }],
      "reference" : {
        "reference" : "ValueSet/visual-acuity-quantity-units"
      },
      "name" : "Visual Acuity Quantity Units",
      "description" : "Units of Measure of Visual acuity"
    },
    {
      "extension" : [{
        "url" : "http://hl7.org/fhir/tools/StructureDefinition/resource-information",
        "valueString" : "ValueSet"
      }],
      "reference" : {
        "reference" : "ValueSet/visual-acuity-test-distance"
      },
      "name" : "Visual Acuity Test Distance",
      "description" : "Codes representing the distances at which visual acuity tests are performed."
    },
    {
      "extension" : [{
        "url" : "http://hl7.org/fhir/tools/StructureDefinition/resource-information",
        "valueString" : "ValueSet"
      }],
      "reference" : {
        "reference" : "ValueSet/Pupil-Diameter-Comparison"
      },
      "name" : "Pupil-Diameter-Comparison",
      "description" : "A ValueSet containing codes for various pupillomotor function observations."
    },
    {
      "extension" : [{
        "url" : "http://hl7.org/fhir/tools/StructureDefinition/resource-information",
        "valueString" : "ValueSet"
      }],
      "reference" : {
        "reference" : "ValueSet/lens-types"
      },
      "name" : "Lens Types",
      "description" : "This ValueSet includes all SNOMED CT codes that are descendants of 'Contact lenses, device' (57368009) and 'Eye glasses, device' (50121007)."
    },
    {
      "extension" : [{
        "url" : "http://hl7.org/fhir/tools/StructureDefinition/resource-information",
        "valueString" : "ValueSet"
      }],
      "reference" : {
        "reference" : "ValueSet/pupi-testing-active-substances"
      },
      "name" : "Pupil Testing Active Substances",
      "description" : "This ValueSet contains codes to represent active substances used in pharmacological testing during pupil diameter measurements."
    },
    {
      "extension" : [{
        "url" : "http://hl7.org/fhir/tools/StructureDefinition/resource-information",
        "valueString" : "ValueSet"
      }],
      "reference" : {
        "reference" : "ValueSet/right-left-eyes"
      },
      "name" : "ValueSet-right-left-eyes",
      "description" : "ValueSet containing laterality codes for ophthalmic observations which should only contain information on either the right or left eye, not both"
    }],
    "page" : {
      "extension" : [{
        "url" : "http://hl7.org/fhir/tools/StructureDefinition/ig-page-name",
        "valueUrl" : "toc.html"
      }],
      "nameUrl" : "toc.html",
      "title" : "Table of Contents",
      "generation" : "html",
      "page" : [{
        "extension" : [{
          "url" : "http://hl7.org/fhir/tools/StructureDefinition/ig-page-name",
          "valueUrl" : "index.html"
        }],
        "nameUrl" : "index.html",
        "title" : "Home Page",
        "generation" : "markdown"
      },
      {
        "extension" : [{
          "url" : "http://hl7.org/fhir/tools/StructureDefinition/ig-page-name",
          "valueUrl" : "patient_journey.html"
        }],
        "nameUrl" : "patient_journey.html",
        "title" : "Patient Journey Use Case",
        "generation" : "markdown"
      },
      {
        "extension" : [{
          "url" : "http://hl7.org/fhir/tools/StructureDefinition/ig-page-name",
          "valueUrl" : "physician_tools.html"
        }],
        "nameUrl" : "physician_tools.html",
        "title" : "Physician Tools Use Case",
        "generation" : "markdown"
      },
      {
        "extension" : [{
          "url" : "http://hl7.org/fhir/tools/StructureDefinition/ig-page-name",
          "valueUrl" : "registry.html"
        }],
        "nameUrl" : "registry.html",
        "title" : "Registry Use Case",
        "generation" : "markdown"
      },
      {
        "extension" : [{
          "url" : "http://hl7.org/fhir/tools/StructureDefinition/ig-page-name",
          "valueUrl" : "life_science.html"
        }],
        "nameUrl" : "life_science.html",
        "title" : "Life Science Use Case",
        "generation" : "markdown"
      },
      {
        "extension" : [{
          "url" : "http://hl7.org/fhir/tools/StructureDefinition/ig-page-name",
          "valueUrl" : "clinic_optimisation.html"
        }],
        "nameUrl" : "clinic_optimisation.html",
        "title" : "Clinic Optimisation Use Case",
        "generation" : "markdown"
      },
      {
        "extension" : [{
          "url" : "http://hl7.org/fhir/tools/StructureDefinition/ig-page-name",
          "valueUrl" : "profiles.html"
        }],
        "nameUrl" : "profiles.html",
        "title" : "Profiles",
        "generation" : "markdown"
      },
      {
        "extension" : [{
          "url" : "http://hl7.org/fhir/tools/StructureDefinition/ig-page-name",
          "valueUrl" : "usecases.html"
        }],
        "nameUrl" : "usecases.html",
        "title" : "Use Cases",
        "generation" : "markdown"
      },
      {
        "extension" : [{
          "url" : "http://hl7.org/fhir/tools/StructureDefinition/ig-page-name",
          "valueUrl" : "guidance.html"
        }],
        "nameUrl" : "guidance.html",
        "title" : "Guidance",
        "generation" : "markdown"
      },
      {
        "extension" : [{
          "url" : "http://hl7.org/fhir/tools/StructureDefinition/ig-page-name",
          "valueUrl" : "terminology.html"
        }],
        "nameUrl" : "terminology.html",
        "title" : "Terminology",
        "generation" : "markdown"
      },
      {
        "extension" : [{
          "url" : "http://hl7.org/fhir/tools/StructureDefinition/ig-page-name",
          "valueUrl" : "contributors.html"
        }],
        "nameUrl" : "contributors.html",
        "title" : "Contributors",
        "generation" : "markdown"
      },
      {
        "extension" : [{
          "url" : "http://hl7.org/fhir/tools/StructureDefinition/ig-page-name",
          "valueUrl" : "downloads.html"
        }],
        "nameUrl" : "downloads.html",
        "title" : "Useful Downloads",
        "generation" : "html"
      },
      {
        "extension" : [{
          "url" : "http://hl7.org/fhir/tools/StructureDefinition/ig-page-name",
          "valueUrl" : "changes.html"
        }],
        "nameUrl" : "changes.html",
        "title" : "IG Change History",
        "generation" : "html"
      }]
    },
    "parameter" : [{
      "code" : "path-resource",
      "value" : "input/capabilities"
    },
    {
      "code" : "path-resource",
      "value" : "input/examples"
    },
    {
      "code" : "path-resource",
      "value" : "input/extensions"
    },
    {
      "code" : "path-resource",
      "value" : "input/models"
    },
    {
      "code" : "path-resource",
      "value" : "input/operations"
    },
    {
      "code" : "path-resource",
      "value" : "input/profiles"
    },
    {
      "code" : "path-resource",
      "value" : "input/resources"
    },
    {
      "code" : "path-resource",
      "value" : "input/vocabulary"
    },
    {
      "code" : "path-resource",
      "value" : "input/maps"
    },
    {
      "code" : "path-resource",
      "value" : "input/testing"
    },
    {
      "code" : "path-resource",
      "value" : "input/history"
    },
    {
      "code" : "path-resource",
      "value" : "fsh-generated/resources"
    },
    {
      "code" : "path-pages",
      "value" : "template/config"
    },
    {
      "code" : "path-pages",
      "value" : "input/images"
    },
    {
      "code" : "path-tx-cache",
      "value" : "input-cache/txcache"
    }]
  }
}