{
  "resourceType" : "Media",
  "id" : "visual-field-le-0",
  "text" : {
    "status" : "generated",
    "div" : "<div xmlns=\"http://www.w3.org/1999/xhtml\"><p class=\"res-header-id\"><b>Generated Narrative: Media visual-field-le-0</b></p><a name=\"visual-field-le-0\"> </a><a name=\"hcvisual-field-le-0\"> </a><a name=\"visual-field-le-0-en-US\"> </a><p><b>status</b>: Completed</p><h3>Contents</h3><table class=\"grid\"><tr><td style=\"display: none\">-</td><td><b>Url</b></td></tr><tr><td style=\"display: none\">*</td><td><a href=\"http://localhost/media.pdf\">http://localhost/media.pdf</a></td></tr></table></div>"
  },
  "status" : "completed",
  "content" : {
    "url" : "http://localhost/media.pdf"
  }
}