{
  "resourceType" : "ValueSet",
  "id" : "observation-final-status",
  "text" : {
    "status" : "extensions",
    "div" : "<div xmlns=\"http://www.w3.org/1999/xhtml\"><p class=\"res-header-id\"><b>Generated Narrative: ValueSet observation-final-status</b></p><a name=\"observation-final-status\"> </a><a name=\"hcobservation-final-status\"> </a><a name=\"observation-final-status-en-US\"> </a><ul><li>Include these codes as defined in <a href=\"http://hl7.org/fhir/R4/codesystem-observation-status.html\"><code>http://hl7.org/fhir/observation-status</code></a><table class=\"none\"><tr><td style=\"white-space:nowrap\"><b>Code</b></td><td><b>Display</b></td><td><b>Definition</b></td></tr><tr><td><a href=\"http://hl7.org/fhir/R4/codesystem-observation-status.html#observation-status-final\">final</a></td><td>Final</td><td>The observation is complete and there are no further actions needed. Additional information such &quot;released&quot;, &quot;signed&quot;, etc would be represented using [Provenance](provenance.html) which provides not only the act but also the actors and dates and other related data. These act states would be associated with an observation status of `preliminary` until they are all completed and then a status of `final` would be applied.</td></tr><tr><td><a href=\"http://hl7.org/fhir/R4/codesystem-observation-status.html#observation-status-amended\">amended</a></td><td>Amended</td><td>Subsequent to being Final, the observation has been modified subsequent.  This includes updates/new information and corrections.</td></tr></table></li></ul></div>"
  },
  "url" : "http://terminology.hl7.org/uv/eyecare/ValueSet/observation-final-status",
  "version" : "0.1.0",
  "name" : "ObservationStatus",
  "title" : "Observation Status",
  "status" : "active",
  "experimental" : true,
  "date" : "2021-07-24T09:29:23+11:00",
  "publisher" : "Lars Fuhrmann",
  "contact" : [{
    "name" : "Lars Fuhrmann",
    "telecom" : [{
      "system" : "url",
      "value" : "https://larfuma.github.io/fhir-eyecare-ig/"
    },
    {
      "system" : "email",
      "value" : "fuhr.lars@gmail.com"
    }]
  }],
  "description" : "Describes whether a recorded observation is either final or amended",
  "jurisdiction" : [{
    "coding" : [{
      "system" : "http://unstats.un.org/unsd/methods/m49/m49.htm",
      "code" : "276"
    }]
  }],
  "immutable" : true,
  "compose" : {
    "include" : [{
      "system" : "http://hl7.org/fhir/observation-status",
      "concept" : [{
        "code" : "final",
        "display" : "Final"
      },
      {
        "code" : "amended",
        "display" : "Amended"
      }]
    }]
  }
}