{
  "resourceType" : "ValueSet",
  "id" : "right-left-both-eyes",
  "text" : {
    "status" : "generated",
    "div" : "<div xmlns=\"http://www.w3.org/1999/xhtml\"><p class=\"res-header-id\"><b>Generated Narrative: ValueSet right-left-both-eyes</b></p><a name=\"right-left-both-eyes\"> </a><a name=\"hcright-left-both-eyes\"> </a><a name=\"right-left-both-eyes-en-US\"> </a><ul><li>Include these codes as defined in <a href=\"http://www.snomed.org/\"><code>http://snomed.info/sct</code></a><table class=\"none\"><tr><td style=\"white-space:nowrap\"><b>Code</b></td><td><b>Display</b></td></tr><tr><td><a href=\"http://snomed.info/id/362502000\">362502000</a></td><td>Entire right eye (body structure)</td></tr><tr><td><a href=\"http://snomed.info/id/362503005\">362503005</a></td><td>Entire left eye (body structure)</td></tr><tr><td><a href=\"http://snomed.info/id/362508001\">362508001</a></td><td>Both eyes, entire (body structure)</td></tr></table></li></ul></div>"
  },
  "url" : "https://larfuma.github.io/fhir-eyecare-ig/ValueSet-right-left-both-eyes.html",
  "version" : "0.1.0",
  "name" : "ValueSet-right-left-both-eyes",
  "title" : "ValueSet-right-left-both-eyes",
  "status" : "draft",
  "experimental" : true,
  "date" : "2024-12-31T12:44:09+00:00",
  "publisher" : "Lars Fuhrmann",
  "contact" : [{
    "name" : "Lars Fuhrmann",
    "telecom" : [{
      "system" : "url",
      "value" : "https://larfuma.github.io/fhir-eyecare-ig/"
    },
    {
      "system" : "email",
      "value" : "fuhr.lars@gmail.com"
    }]
  }],
  "description" : "ValueSet containing laterality codes for ophthalmic observations which may contain information on one or both eyes",
  "jurisdiction" : [{
    "coding" : [{
      "system" : "http://unstats.un.org/unsd/methods/m49/m49.htm",
      "code" : "276"
    }]
  }],
  "copyright" : "This artefact includes content from SNOMED Clinical Terms® (SNOMED CT®) which is copyright of the International Health Terminology Standards Development Organisation (IHTSDO). Implementers of these artefacts must have the appropriate SNOMED CT Affiliate license.",
  "compose" : {
    "include" : [{
      "system" : "http://snomed.info/sct",
      "concept" : [{
        "code" : "362502000",
        "display" : "Entire right eye (body structure)"
      },
      {
        "code" : "362503005",
        "display" : "Entire left eye (body structure)"
      },
      {
        "code" : "362508001",
        "display" : "Both eyes, entire (body structure)"
      }]
    }]
  }
}