{
  "resourceType" : "ValueSet",
  "id" : "pinhole-occluder-usage",
  "text" : {
    "status" : "generated",
    "div" : "<div xmlns=\"http://www.w3.org/1999/xhtml\"><p class=\"res-header-id\"><b>Generated Narrative: ValueSet pinhole-occluder-usage</b></p><a name=\"pinhole-occluder-usage\"> </a><a name=\"hcpinhole-occluder-usage\"> </a><a name=\"pinhole-occluder-usage-en-US\"> </a><ul><li>Include these codes as defined in <a href=\"http://www.snomed.org/\"><code>http://snomed.info/sct</code></a><table class=\"none\"><tr><td style=\"white-space:nowrap\"><b>Code</b></td><td><b>Display</b></td></tr><tr><td><a href=\"http://snomed.info/id/373066001\">373066001</a></td><td>Yes</td></tr><tr><td><a href=\"http://snomed.info/id/373067005\">373067005</a></td><td>No</td></tr><tr><td><a href=\"http://snomed.info/id/1220561009\">1220561009</a></td><td>Not recorded</td></tr><tr><td><a href=\"http://snomed.info/id/261665006\">261665006</a></td><td>Unknown</td></tr></table></li></ul></div>"
  },
  "url" : "https://larfuma.github.io/fhir-eyecare-ig/ValueSet-pinhole-occluder-usage.html",
  "version" : "0.1.0",
  "name" : "PinholeOccluderUsage",
  "title" : "Pinhole Occluder Usage Values",
  "status" : "draft",
  "experimental" : true,
  "date" : "2024-12-31T12:44:09+00:00",
  "publisher" : "Lars Fuhrmann",
  "contact" : [{
    "name" : "Lars Fuhrmann",
    "telecom" : [{
      "system" : "url",
      "value" : "https://larfuma.github.io/fhir-eyecare-ig/"
    },
    {
      "system" : "email",
      "value" : "fuhr.lars@gmail.com"
    }]
  }],
  "description" : "This ValueSet contains SNOMED CT codes to represent whether a pinhole occluder was used during a visual acuity measurement.",
  "jurisdiction" : [{
    "coding" : [{
      "system" : "http://unstats.un.org/unsd/methods/m49/m49.htm",
      "code" : "276"
    }]
  }],
  "copyright" : "This artefact includes content from SNOMED Clinical Terms® (SNOMED CT®) which is copyright of the International Health Terminology Standards Development Organisation (IHTSDO). Implementers of these artefacts must have the appropriate SNOMED CT Affiliate license.",
  "compose" : {
    "include" : [{
      "system" : "http://snomed.info/sct",
      "concept" : [{
        "code" : "373066001",
        "display" : "Yes"
      },
      {
        "code" : "373067005",
        "display" : "No"
      },
      {
        "code" : "1220561009",
        "display" : "Not recorded"
      },
      {
        "code" : "261665006",
        "display" : "Unknown"
      }]
    }]
  }
}