{
  "resourceType" : "ValueSet",
  "id" : "visual-acuity-categorical-values",
  "text" : {
    "status" : "generated",
    "div" : "<div xmlns=\"http://www.w3.org/1999/xhtml\"><p class=\"res-header-id\"><b>Generated Narrative: ValueSet visual-acuity-categorical-values</b></p><a name=\"visual-acuity-categorical-values\"> </a><a name=\"hcvisual-acuity-categorical-values\"> </a><a name=\"visual-acuity-categorical-values-en-US\"> </a><p>This value set includes codes based on the following rules:</p><ul><li>Include these codes as defined in <a href=\"http://www.snomed.org/\"><code>http://snomed.info/sct</code></a><table class=\"none\"><tr><td style=\"white-space:nowrap\"><b>Code</b></td><td><b>Display</b></td></tr><tr><td><a href=\"http://snomed.info/id/260295004\">260295004</a></td><td>Sees hand movements (finding)</td></tr><tr><td><a href=\"http://snomed.info/id/260297007\">260297007</a></td><td>Perception of light - accurate projection (finding)</td></tr><tr><td><a href=\"http://snomed.info/id/260298002\">260298002</a></td><td>Perception of light - inaccurate projection (finding)</td></tr><tr><td><a href=\"http://snomed.info/id/260296003\">260296003</a></td><td>Perceives light only (finding)</td></tr><tr><td><a href=\"http://snomed.info/id/63063006\">63063006</a></td><td>Visual acuity, no light perception (finding)</td></tr><tr><td><a href=\"http://snomed.info/id/261665006\">261665006</a></td><td>Unknown (qualifier value)</td></tr><tr><td><a href=\"http://snomed.info/id/262008008\">262008008</a></td><td>Not performed (qualifier value)</td></tr></table></li><li>Include these codes as defined in <a href=\"http://loinc.org\"><code>http://loinc.org</code></a><table class=\"none\"><tr><td style=\"white-space:nowrap\"><b>Code</b></td><td><b>Display</b></td></tr><tr><td><a href=\"https://loinc.org/LA24679-5/\">LA24679-5</a></td><td>Count fingers (CF)</td></tr><tr><td><a href=\"https://loinc.org/LA25490-6/\">LA25490-6</a></td><td>Central steady maintain</td></tr><tr><td><a href=\"https://loinc.org/LA25491-4/\">LA25491-4</a></td><td>Central unsteady maintain</td></tr><tr><td><a href=\"https://loinc.org/LA25492-2/\">LA25492-2</a></td><td>Fix and follow</td></tr><tr><td><a href=\"https://loinc.org/LA25493-0/\">LA25493-0</a></td><td>Blinks for lights</td></tr></table></li></ul></div>"
  },
  "url" : "https://larfuma.github.io/fhir-eyecare-ig/ValueSet-visual-acuity-categorical-values.html",
  "version" : "0.1.0",
  "name" : "VisualAcuityCategoricalValues",
  "title" : "Visual Acuity Categorical Values",
  "status" : "draft",
  "experimental" : true,
  "date" : "2024-12-31T12:44:09+00:00",
  "publisher" : "Lars Fuhrmann",
  "contact" : [{
    "name" : "Lars Fuhrmann",
    "telecom" : [{
      "system" : "url",
      "value" : "https://larfuma.github.io/fhir-eyecare-ig/"
    },
    {
      "system" : "email",
      "value" : "fuhr.lars@gmail.com"
    }]
  }],
  "description" : "ValueSet containing categorical values for visual acuity observations.",
  "jurisdiction" : [{
    "coding" : [{
      "system" : "http://unstats.un.org/unsd/methods/m49/m49.htm",
      "code" : "276"
    }]
  }],
  "copyright" : "This artefact includes content from SNOMED Clinical Terms® (SNOMED CT®) which is copyright of the International Health Terminology Standards Development Organisation (IHTSDO). Implementers of these artefacts must have the appropriate SNOMED CT Affiliate license.",
  "compose" : {
    "include" : [{
      "system" : "http://snomed.info/sct",
      "concept" : [{
        "code" : "260295004",
        "display" : "Sees hand movements (finding)"
      },
      {
        "code" : "260297007",
        "display" : "Perception of light - accurate projection (finding)"
      },
      {
        "code" : "260298002",
        "display" : "Perception of light - inaccurate projection (finding)"
      },
      {
        "code" : "260296003",
        "display" : "Perceives light only (finding)"
      },
      {
        "code" : "63063006",
        "display" : "Visual acuity, no light perception (finding)"
      },
      {
        "code" : "261665006",
        "display" : "Unknown (qualifier value)"
      },
      {
        "code" : "262008008",
        "display" : "Not performed (qualifier value)"
      }]
    },
    {
      "system" : "http://loinc.org",
      "concept" : [{
        "code" : "LA24679-5",
        "display" : "Count fingers (CF)"
      },
      {
        "code" : "LA25490-6",
        "display" : "Central steady maintain"
      },
      {
        "code" : "LA25491-4",
        "display" : "Central unsteady maintain"
      },
      {
        "code" : "LA25492-2",
        "display" : "Fix and follow"
      },
      {
        "code" : "LA25493-0",
        "display" : "Blinks for lights"
      }]
    }]
  }
}